Ticker,Name,Series Type,Currency,Country,Sector,Industry,Sic,Exchange,Cik,Fiscal_End,Units,Scale,Flow,Adjustment,Periodicity,Metadata,Corporate_History
TDGXUSAM,"United States Exports of Goods, Balance of Payments Basis (Mil. of $, SA)",Balance of Payments,United States Dollar,United States,,,,,,,National Currency,Millions,Monthly,SA,Annual From Dec 1790 To Jul 1866<BR>Monthly From Aug 1866 To Feb 2019<BR>,"SOURCE: Pre 1866 data are from B. R. Mitchell, International Historical Statistics: The Americas 1750-2000, Fourth Edition, Stockton Press, 2003<br />Dat from   1866-1909 DATA ARE FROM MONTHLY SUMARY OF COMMERCE AND FINANCE, DECEMBER, 1910 SUPPLEMENT""CALENDAR YEAR STATEMENTS,"" 1910, PP. 1120-1126.  1910-JUNE, 1914 DATA ARE FROM SUCCESSIVE ISSUES OF MONTHLY SUMMARY OF COMMERCE AND FINANCE.  BEGINNING WITH JULY, 1914 ENTRIES, THE DATA ARE FROM MONTHLY SUMMARY OF FOREIGN COMMERCE, SUCCESSIVE ISSUES. 1942-1944 DATA ARE FROM FOREIGN COMMERCE AND NAVIGATION; BEGINNING WITH 1945, THE DATA ARE FROM MONTHLY SUMMARY OF FOREIGN COMMERCE OF THE UNITED STATES (ISSUED QUARTERLY BEGINNING IN APRIL, 1951.  BEGINNING WITH 1946 DATA, SEE SUMMARY REPORT  FT 900-E, TOTAL EXPORT TRADE.  REVISED BACK FIGURES MAY BE FOUND IN WORLD TRADE INFORMATION SERVICE   STATISTICAL REPORTS, PART 3, TOTAL EXPORT AND IMPORT TRADE OF THE UNITED STATES (THROUGH THE 1962 ISSUES); UNITED STATES DEPARTMENT OF COMMERCE, OVERSEAS BUSINESS (BUREAU OF INTERNATIONAL COMMERCE) 1962-1965 ISSUES; BUREAU OF THE CENSUS, HIGHLIGHTS OF UNITED STATES EXPORT AND IMPORT TRADE (FT 990), MONTHLY, BEGINNING IN 1967.  SCATTERED REVISIONS FOR 1946-1963 ARE FROM 1963 ISSUE OF FOREIGN COMMERCE AND NAVIGATION (PREPRINT TABLE /21/66).Source: Federal Reserve Bank of St. Louis. The data is collected from the FRED database. The FRED database uses data from the Board of Governors of the Federal Reserve System, the Federal Reserve Bank of Philadelphia, the Federal Reserve Bank of St. Louis, the Office of Federal Housing Enterprise Oversight, The White House Council of Economic Advisors and Office of Management and Budget, the Congressional Budget Office, the U.S. Department of Commerce, the U.S. Department of Housing and Urban Development, the Bureau of Labor Statistics and the U.S. Department of the Treasury.",
Date,Ticker,Open,High,Low,Close,Percent_Gdp,Annual_Percent_Change,,,,,,,,,,
12/31/1939,TDGXUSAM,,,,3177.1,3.4,,,,,,,,,,,
1/31/1940,TDGXUSAM,,,,3334.3,3.57,,,,,,,,,,,
2/29/1940,TDGXUSAM,,,,3462.7,3.7,,,,,,,,,,,
3/31/1940,TDGXUSAM,,,,3545.7,3.79,,,,,,,,,,,
4/30/1940,TDGXUSAM,,,,3637.6,3.89,,,,,,,,,,,
5/31/1940,TDGXUSAM,,,,3711.8,3.97,,,,,,,,,,,
6/30/1940,TDGXUSAM,,,,3825.3,4.09,,,,,,,,,,,
7/31/1940,TDGXUSAM,,,,3912.4,4.18,,,,,,,,,,,
8/31/1940,TDGXUSAM,,,,4013.2,4.29,,,,,,,,,,,
9/30/1940,TDGXUSAM,,,,4019.7,4.3,,,,,,,,,,,
10/31/1940,TDGXUSAM,,,,4031.5,4.31,,,,,,,,,,,
11/30/1940,TDGXUSAM,,,,4066.6,4.35,,,,,,,,,,,
12/31/1940,TDGXUSAM,,,,4021.1,3.91,26.56510654,,,,,,,,,,
1/31/1941,TDGXUSAM,,,,3975.9,3.86,19.2424197,,,,,,,,,,
2/28/1941,TDGXUSAM,,,,3931.9,3.82,17.92280239,,,,,,,,,,
3/31/1941,TDGXUSAM,,,,3937.9,3.83,11.0612855,,,,,,,,,,
4/30/1941,TDGXUSAM,,,,4002.2,3.89,10.02309215,,,,,,,,,,
5/31/1941,TDGXUSAM,,,,4063.2,3.95,9.467104909,,,,,,,,,,
6/30/1941,TDGXUSAM,,,,4043.3,3.93,5.698899433,,,,,,,,,,
7/31/1941,TDGXUSAM,,,,4091.6,3.98,4.580308762,,,,,,,,,,
8/31/1941,TDGXUSAM,,,,4200.9,4.08,4.677065683,,,,,,,,,,
9/30/1941,TDGXUSAM,,,,4330,4.21,7.719481553,,,,,,,,,,
10/31/1941,TDGXUSAM,,,,4652.6,4.52,15.40617636,,,,,,,,,,
11/30/1941,TDGXUSAM,,,,4816.8,4.68,18.44784341,,,,,,,,,,
12/31/1941,TDGXUSAM,,,,5147.2,3.98,28.00477481,,,,,,,,,,
1/31/1942,TDGXUSAM,,,,5303.8,4.1,33.39872733,,,,,,,,,,
2/28/1942,TDGXUSAM,,,,5483.8,4.24,39.46946769,,,,,,,,,,
3/31/1942,TDGXUSAM,,,,5763.8,4.45,46.36735316,,,,,,,,,,
4/30/1942,TDGXUSAM,,,,6093.4,4.71,52.25126181,,,,,,,,,,
5/31/1942,TDGXUSAM,,,,6250.3,4.83,53.82703288,,,,,,,,,,
6/30/1942,TDGXUSAM,,,,6570.4,5.08,62.50092746,,,,,,,,,,
7/31/1942,TDGXUSAM,,,,6864.2,5.3,67.76322221,,,,,,,,,,
8/31/1942,TDGXUSAM,,,,7108.6,5.49,69.21612036,,,,,,,,,,
9/30/1942,TDGXUSAM,,,,7416,5.73,71.27020785,,,,,,,,,,
10/31/1942,TDGXUSAM,,,,7552.5,5.84,62.32859047,,,,,,,,,,
11/30/1942,TDGXUSAM,,,,7848.7,6.07,62.94427836,,,,,,,,,,
12/31/1942,TDGXUSAM,,,,8079,4.87,56.95912341,,,,,,,,,,
1/31/1943,TDGXUSAM,,,,8347.5,5.03,57.38715638,,,,,,,,,,
2/28/1943,TDGXUSAM,,,,8592.2,5.18,56.68332178,,,,,,,,,,
3/31/1943,TDGXUSAM,,,,8947.8,5.39,55.24133384,,,,,,,,,,
4/30/1943,TDGXUSAM,,,,9220.1,5.55,51.31289592,,,,,,,,,,
5/31/1943,TDGXUSAM,,,,9770.9,5.89,56.32689631,,,,,,,,,,
6/30/1943,TDGXUSAM,,,,10124.4,6.1,54.09107512,,,,,,,,,,
7/31/1943,TDGXUSAM,,,,10730.6,6.46,56.3270301,,,,,,,,,,
8/31/1943,TDGXUSAM,,,,11306,6.81,59.0467884,,,,,,,,,,
9/30/1943,TDGXUSAM,,,,11843.3,7.13,59.69929881,,,,,,,,,,
10/31/1943,TDGXUSAM,,,,12277.5,7.4,62.56206554,,,,,,,,,,
11/30/1943,TDGXUSAM,,,,12561.5,7.57,60.04561265,,,,,,,,,,
12/31/1943,TDGXUSAM,,,,12964.9,6.38,60.47654413,,,,,,,,,,
1/31/1944,TDGXUSAM,,,,13339.1,6.57,59.79754417,,,,,,,,,,
2/29/1944,TDGXUSAM,,,,13718.2,6.75,59.65876027,,,,,,,,,,
3/31/1944,TDGXUSAM,,,,13922.8,6.86,55.60025928,,,,,,,,,,
4/30/1944,TDGXUSAM,,,,14164.5,6.97,53.62631642,,,,,,,,,,
5/31/1944,TDGXUSAM,,,,14527.3,7.15,48.67924142,,,,,,,,,,
6/30/1944,TDGXUSAM,,,,14820.1,7.3,46.3800324,,,,,,,,,,
7/31/1944,TDGXUSAM,,,,14752,7.26,37.47600321,,,,,,,,,,
8/31/1944,TDGXUSAM,,,,14662.9,7.22,29.69131435,,,,,,,,,,
9/30/1944,TDGXUSAM,,,,14587.3,7.18,23.16921804,,,,,,,,,,
10/31/1944,TDGXUSAM,,,,14494,7.14,18.05334962,,,,,,,,,,
11/30/1944,TDGXUSAM,,,,14606.9,7.19,16.28308721,,,,,,,,,,
12/31/1944,TDGXUSAM,,,,14258.5,6.35,9.977709045,,,,,,,,,,
1/31/1945,TDGXUSAM,,,,14037,6.25,5.231987166,,,,,,,,,,
2/28/1945,TDGXUSAM,,,,13816.9,6.15,3.581950806,,,,,,,,,,
3/31/1945,TDGXUSAM,,,,13649.1,6.08,-1.965840205,,,,,,,,,,
4/30/1945,TDGXUSAM,,,,13423.6,5.98,-5.23068234,,,,,,,,,,
5/31/1945,TDGXUSAM,,,,13103.9,5.83,-9.798104259,,,,,,,,,,
6/30/1945,TDGXUSAM,,,,12675.7,5.64,-14.46953799,,,,,,,,,,
7/31/1945,TDGXUSAM,,,,12373.3,5.51,-16.12459328,,,,,,,,,,
8/31/1945,TDGXUSAM,,,,11920.4,5.31,-18.70366708,,,,,,,,,,
9/30/1945,TDGXUSAM,,,,11240.6,5,-22.94255962,,,,,,,,,,
10/31/1945,TDGXUSAM,,,,10552.2,4.7,-27.19608114,,,,,,,,,,
11/30/1945,TDGXUSAM,,,,10006.4,4.46,-31.49538917,,,,,,,,,,
12/31/1945,TDGXUSAM,,,,9805.5,4.3,-31.23049409,,,,,,,,,,
1/31/1946,TDGXUSAM,,,,9701.1,4.25,-30.88907886,,,,,,,,,,
2/28/1946,TDGXUSAM,,,,9484.1,4.16,-31.35869841,,,,,,,,,,
3/31/1946,TDGXUSAM,,,,9271.1,4.06,-32.07537493,,,,,,,,,,
4/30/1946,TDGXUSAM,,,,9022.5,3.95,-32.78628684,,,,,,,,,,
5/31/1946,TDGXUSAM,,,,8737.8,3.83,-33.31908821,,,,,,,,,,
6/30/1946,TDGXUSAM,,,,8747.5,3.83,-30.9900045,,,,,,,,,,
7/31/1946,TDGXUSAM,,,,8678.4,3.8,-29.86188002,,,,,,,,,,
8/31/1946,TDGXUSAM,,,,8823.7,3.87,-25.9781551,,,,,,,,,,
9/30/1946,TDGXUSAM,,,,8952.4,3.92,-20.3565646,,,,,,,,,,
10/31/1946,TDGXUSAM,,,,9033.5,3.96,-14.39225943,,,,,,,,,,
11/30/1946,TDGXUSAM,,,,9379.8,4.11,-6.261992325,,,,,,,,,,
12/31/1946,TDGXUSAM,,,,9738.3,4.27,-0.685329662,,,,,,,,,,
1/31/1947,TDGXUSAM,,,,10053.9,4.41,3.636700993,,,,,,,,,,
2/28/1947,TDGXUSAM,,,,10530.1,4.62,11.02898535,,,,,,,,,,
3/31/1947,TDGXUSAM,,,,11040.6,4.85,19.08619258,,,,,,,,,,
4/30/1947,TDGXUSAM,,,,11578.4,5.08,28.32806872,,,,,,,,,,
5/31/1947,TDGXUSAM,,,,12140.9,5.33,38.9468745,,,,,,,,,,
6/30/1947,TDGXUSAM,,,,12497.9,5.49,42.87396399,,,,,,,,,,
7/31/1947,TDGXUSAM,,,,12827.1,5.63,47.80489491,,,,,,,,,,
8/31/1947,TDGXUSAM,,,,13088.9,5.75,48.3379988,,,,,,,,,,
9/30/1947,TDGXUSAM,,,,13558.1,5.95,51.44653948,,,,,,,,,,
10/31/1947,TDGXUSAM,,,,14256.4,6.26,57.81701445,,,,,,,,,,
11/30/1947,TDGXUSAM,,,,14412.3,6.33,53.6525299,,,,,,,,,,
12/31/1947,TDGXUSAM,,,,14430.3,5.56,48.180894,,,,,,,,,,
1/31/1948,TDGXUSAM,,,,14408,5.55,43.30757219,,,,,,,,,,
2/29/1948,TDGXUSAM,,,,14346.6,5.52,36.24372038,,,,,,,,,,
3/31/1948,TDGXUSAM,,,,14158.5,5.45,28.24031303,,,,,,,,,,
4/30/1948,TDGXUSAM,,,,13985.3,5.38,20.78784633,,,,,,,,,,
5/31/1948,TDGXUSAM,,,,13674.5,5.26,12.63168299,,,,,,,,,,
6/30/1948,TDGXUSAM,,,,13453.8,5.18,7.648484945,,,,,,,,,,
7/31/1948,TDGXUSAM,,,,13318.4,5.13,3.830172058,,,,,,,,,,
8/31/1948,TDGXUSAM,,,,13165.2,5.07,0.582936687,,,,,,,,,,
9/30/1948,TDGXUSAM,,,,12979,5,-4.271247446,,,,,,,,,,
10/31/1948,TDGXUSAM,,,,12767.3,4.92,-10.44513341,,,,,,,,,,
11/30/1948,TDGXUSAM,,,,12449.2,4.79,-13.62100428,,,,,,,,,,
12/31/1948,TDGXUSAM,,,,12653.1,4.51,-12.31575227,,,,,,,,,,
1/31/1949,TDGXUSAM,,,,12666.6,4.52,-12.08634092,,,,,,,,,,
2/28/1949,TDGXUSAM,,,,12625.4,4.5,-12.37229317,,,,,,,,,,
3/31/1949,TDGXUSAM,,,,12676,4.52,-10.47074196,,,,,,,,,,
4/30/1949,TDGXUSAM,,,,12727.6,4.54,-8.993014093,,,,,,,,,,
5/31/1949,TDGXUSAM,,,,12720.1,4.54,-6.979414238,,,,,,,,,,
6/30/1949,TDGXUSAM,,,,12813.8,4.57,-4.757020321,,,,,,,,,,
7/31/1949,TDGXUSAM,,,,12695,4.53,-4.680742432,,,,,,,,,,
8/31/1949,TDGXUSAM,,,,12587.9,4.49,-4.385045423,,,,,,,,,,
9/30/1949,TDGXUSAM,,,,12572.3,4.48,-3.133523384,,,,,,,,,,
10/31/1949,TDGXUSAM,,,,12404.9,4.42,-2.838501484,,,,,,,,,,
11/30/1949,TDGXUSAM,,,,12423.6,4.43,-0.205635703,,,,,,,,,,
12/31/1949,TDGXUSAM,,,,12051.1,4.45,-4.757727355,,,,,,,,,,
1/31/1950,TDGXUSAM,,,,11686.9,4.32,-7.734514392,,,,,,,,,,
2/28/1950,TDGXUSAM,,,,11407.8,4.22,-9.644050882,,,,,,,,,,
3/31/1950,TDGXUSAM,,,,11078.8,4.09,-12.60018933,,,,,,,,,,
4/30/1950,TDGXUSAM,,,,10709.4,3.96,-15.85687797,,,,,,,,,,
5/31/1950,TDGXUSAM,,,,10443.9,3.86,-17.89451341,,,,,,,,,,
6/30/1950,TDGXUSAM,,,,10213.1,3.77,-20.29608703,,,,,,,,,,
7/31/1950,TDGXUSAM,,,,10044.3,3.71,-20.87987397,,,,,,,,,,
8/31/1950,TDGXUSAM,,,,9899.7,3.66,-21.35542863,,,,,,,,,,
9/30/1950,TDGXUSAM,,,,9869.5,3.65,-21.49805525,,,,,,,,,,
10/31/1950,TDGXUSAM,,,,9867.7,3.65,-20.45320801,,,,,,,,,,
11/30/1950,TDGXUSAM,,,,9948.9,3.68,-19.91934705,,,,,,,,,,
12/31/1950,TDGXUSAM,,,,9992.9,3.12,-17.07893885,,,,,,,,,,
1/31/1951,TDGXUSAM,,,,10174.2,3.18,-12.94355218,,,,,,,,,,
2/28/1951,TDGXUSAM,,,,10390.9,3.25,-8.914076334,,,,,,,,,,
3/31/1951,TDGXUSAM,,,,10719.1,3.35,-3.246741524,,,,,,,,,,
4/30/1951,TDGXUSAM,,,,11202.4,3.5,4.603432499,,,,,,,,,,
5/31/1951,TDGXUSAM,,,,11598,3.62,11.05046965,,,,,,,,,,
6/30/1951,TDGXUSAM,,,,11902.6,3.72,16.54247976,,,,,,,,,,
7/31/1951,TDGXUSAM,,,,12272.1,3.84,22.17974374,,,,,,,,,,
8/30/1951,TDGXUSAM,,,,12686.8,3.97,26.30845355,,,,,,,,,,
9/30/1951,TDGXUSAM,,,,12957.4,4.05,31.28729926,,,,,,,,,,
10/31/1951,TDGXUSAM,,,,13197,4.12,33.73937189,,,,,,,,,,
11/30/1951,TDGXUSAM,,,,13577.7,4.24,36.4743841,,,,,,,,,,
12/31/1951,TDGXUSAM,,,,13967.4,3.92,39.773239,,,,,,,,,,
1/31/1952,TDGXUSAM,,,,14234.2,4,39.90485738,,,,,,,,,,
2/29/1952,TDGXUSAM,,,,14512.8,4.07,39.66836366,,,,,,,,,,
3/31/1952,TDGXUSAM,,,,14654.2,4.11,36.71110448,,,,,,,,,,
4/30/1952,TDGXUSAM,,,,14554.6,4.09,29.92394487,,,,,,,,,,
5/31/1952,TDGXUSAM,,,,14573.1,4.09,25.65183652,,,,,,,,,,
6/30/1952,TDGXUSAM,,,,14449.2,4.06,21.39532539,,,,,,,,,,
7/31/1952,TDGXUSAM,,,,14241,4,16.0437089,,,,,,,,,,
8/31/1952,TDGXUSAM,,,,14002.5,3.93,10.37062143,,,,,,,,,,
9/30/1952,TDGXUSAM,,,,13833.1,3.88,6.758300276,,,,,,,,,,
10/31/1952,TDGXUSAM,,,,13782.2,3.87,4.434341138,,,,,,,,,,
11/30/1952,TDGXUSAM,,,,13473.9,3.78,-0.764488831,,,,,,,,,,
12/31/1952,TDGXUSAM,,,,13203,3.47,-5.472743675,,,,,,,,,,
1/31/1953,TDGXUSAM,,,,13029.8,3.42,-8.461311489,,,,,,,,,,
2/28/1953,TDGXUSAM,,,,12697.4,3.33,-10.7965323,,,,,,,,,,
3/31/1953,TDGXUSAM,,,,12420,3.26,-15.24614104,,,,,,,,,,
4/30/1953,TDGXUSAM,,,,12286.6,3.23,-15.58270238,,,,,,,,,,
5/31/1953,TDGXUSAM,,,,12128.3,3.18,-16.7761149,,,,,,,,,,
6/30/1953,TDGXUSAM,,,,12083.3,3.17,-16.3739169,,,,,,,,,,
7/31/1953,TDGXUSAM,,,,12155.2,3.19,-14.64644337,,,,,,,,,,
8/31/1953,TDGXUSAM,,,,12150.2,3.19,-13.22835208,,,,,,,,,,
9/30/1953,TDGXUSAM,,,,12220.8,3.21,-11.65537732,,,,,,,,,,
10/31/1953,TDGXUSAM,,,,12197.3,3.2,-11.49961545,,,,,,,,,,
11/30/1953,TDGXUSAM,,,,12232.3,3.21,-9.214852418,,,,,,,,,,
12/31/1953,TDGXUSAM,,,,12262.4,3.18,-7.124138453,,,,,,,,,,
1/31/1954,TDGXUSAM,,,,12169.9,3.15,-6.599487329,,,,,,,,,,
2/28/1954,TDGXUSAM,,,,12241.2,3.17,-3.592861531,,,,,,,,,,
3/31/1954,TDGXUSAM,,,,12111.1,3.14,-2.487117552,,,,,,,,,,
4/30/1954,TDGXUSAM,,,,12320.4,3.19,0.275096447,,,,,,,,,,
5/31/1954,TDGXUSAM,,,,12371.9,3.21,2.008525515,,,,,,,,,,
6/30/1954,TDGXUSAM,,,,12474.6,3.23,3.238353761,,,,,,,,,,
7/31/1954,TDGXUSAM,,,,12532.6,3.25,3.104844017,,,,,,,,,,
8/31/1954,TDGXUSAM,,,,12576.8,3.26,3.511053316,,,,,,,,,,
9/30/1954,TDGXUSAM,,,,12487.2,3.24,2.179890024,,,,,,,,,,
10/31/1954,TDGXUSAM,,,,12634,3.27,3.580300558,,,,,,,,,,
11/30/1954,TDGXUSAM,,,,12770.1,3.31,4.396556657,,,,,,,,,,
12/31/1954,TDGXUSAM,,,,12854.5,3.22,4.828581681,,,,,,,,,,
1/31/1955,TDGXUSAM,,,,13098.8,3.28,7.632766087,,,,,,,,,,
2/28/1955,TDGXUSAM,,,,13298.4,3.33,8.636408195,,,,,,,,,,
3/31/1955,TDGXUSAM,,,,13535.2,3.39,11.75863464,,,,,,,,,,
4/30/1955,TDGXUSAM,,,,13385.1,3.35,8.641764878,,,,,,,,,,
5/31/1955,TDGXUSAM,,,,13380.6,3.35,8.153153517,,,,,,,,,,
6/30/1955,TDGXUSAM,,,,13434.9,3.36,7.698042422,,,,,,,,,,
7/31/1955,TDGXUSAM,,,,13635.5,3.41,8.800248951,,,,,,,,,,
8/31/1955,TDGXUSAM,,,,13895.1,3.48,10.4819986,,,,,,,,,,
9/30/1955,TDGXUSAM,,,,14168.2,3.54,13.46178487,,,,,,,,,,
10/31/1955,TDGXUSAM,,,,14262.7,3.57,12.89140415,,,,,,,,,,
11/30/1955,TDGXUSAM,,,,14310.9,3.58,12.06568469,,,,,,,,,,
12/31/1955,TDGXUSAM,,,,14314.9,3.28,11.36100198,,,,,,,,,,
1/31/1956,TDGXUSAM,,,,14435.9,3.3,10.2078053,,,,,,,,,,
2/29/1956,TDGXUSAM,,,,14528.1,3.32,9.24697708,,,,,,,,,,
3/31/1956,TDGXUSAM,,,,14716.8,3.37,8.729830368,,,,,,,,,,
4/30/1956,TDGXUSAM,,,,14997.9,3.43,12.04921891,,,,,,,,,,
5/31/1956,TDGXUSAM,,,,15279,3.5,14.18770459,,,,,,,,,,
6/30/1956,TDGXUSAM,,,,15551.7,3.56,15.75597883,,,,,,,,,,
7/31/1956,TDGXUSAM,,,,15740.2,3.6,15.43544424,,,,,,,,,,
8/31/1956,TDGXUSAM,,,,15978.8,3.66,14.99593382,,,,,,,,,,
9/30/1956,TDGXUSAM,,,,16330,3.74,15.25811324,,,,,,,,,,
10/31/1956,TDGXUSAM,,,,16578.7,3.79,16.23815968,,,,,,,,,,
11/30/1956,TDGXUSAM,,,,16723.4,3.83,16.85777973,,,,,,,,,,
12/31/1956,TDGXUSAM,,,,17332.7,3.76,21.08153043,,,,,,,,,,
1/31/1957,TDGXUSAM,,,,17696.7,3.84,22.58813098,,,,,,,,,,
2/28/1957,TDGXUSAM,,,,17983.7,3.91,24.57623009,,,,,,,,,,
3/31/1957,TDGXUSAM,,,,18516.9,4.02,25.82151011,,,,,,,,,,
4/30/1957,TDGXUSAM,,,,18861.7,4.1,25.76227338,,,,,,,,,,
5/31/1957,TDGXUSAM,,,,19008.4,4.13,24.40866549,,,,,,,,,,
6/30/1957,TDGXUSAM,,,,19239.8,4.18,23.71509224,,,,,,,,,,
7/31/1957,TDGXUSAM,,,,19444.8,4.22,23.53591441,,,,,,,,,,
8/31/1957,TDGXUSAM,,,,19607.6,4.26,22.71009087,,,,,,,,,,
9/30/1957,TDGXUSAM,,,,19626.3,4.26,20.18554807,,,,,,,,,,
10/31/1957,TDGXUSAM,,,,19663.6,4.27,18.60761097,,,,,,,,,,
11/30/1957,TDGXUSAM,,,,19837.7,4.31,18.62240932,,,,,,,,,,
12/31/1957,TDGXUSAM,,,,19495.4,4.11,12.4775713,,,,,,,,,,
1/31/1958,TDGXUSAM,,,,19266,4.06,8.867755005,,,,,,,,,,
2/28/1958,TDGXUSAM,,,,19010.2,4,5.707946641,,,,,,,,,,
3/31/1958,TDGXUSAM,,,,18514.4,3.9,-0.01350118,,,,,,,,,,
4/30/1958,TDGXUSAM,,,,18139.4,3.82,-3.829453337,,,,,,,,,,
5/31/1958,TDGXUSAM,,,,17958,3.78,-5.525977989,,,,,,,,,,
6/30/1958,TDGXUSAM,,,,17621.4,3.71,-8.411729852,,,,,,,,,,
7/31/1958,TDGXUSAM,,,,17365.6,3.66,-10.69283305,,,,,,,,,,
8/31/1958,TDGXUSAM,,,,17113.7,3.6,-12.71904772,,,,,,,,,,
9/30/1958,TDGXUSAM,,,,16862.6,3.55,-14.08161498,,,,,,,,,,
10/31/1958,TDGXUSAM,,,,16665.3,3.51,-15.24797087,,,,,,,,,,
11/30/1958,TDGXUSAM,,,,16532.6,3.48,-16.66070159,,,,,,,,,,
12/31/1958,TDGXUSAM,,,,16378.5,3.28,-15.98787406,,,,,,,,,,
1/31/1959,TDGXUSAM,,,,16268.8,3.26,-15.55693969,,,,,,,,,,
2/28/1959,TDGXUSAM,,,,16203.8,3.24,-14.76260113,,,,,,,,,,
3/31/1959,TDGXUSAM,,,,16144.1,3.23,-12.80246727,,,,,,,,,,
4/30/1959,TDGXUSAM,,,,16085.6,3.22,-11.32231496,,,,,,,,,,
5/31/1959,TDGXUSAM,,,,16027.4,3.21,-10.75064038,,,,,,,,,,
6/30/1959,TDGXUSAM,,,,16047.1,3.21,-8.934023403,,,,,,,,,,
7/31/1959,TDGXUSAM,,,,16083.2,3.22,-7.384714608,,,,,,,,,,
8/31/1959,TDGXUSAM,,,,16150.8,3.23,-5.626486382,,,,,,,,,,
9/30/1959,TDGXUSAM,,,,16325.4,3.27,-3.185748342,,,,,,,,,,
10/31/1959,TDGXUSAM,,,,16304,3.26,-2.167977774,,,,,,,,,,
11/30/1959,TDGXUSAM,,,,16279.4,3.26,-1.531519543,,,,,,,,,,
12/31/1959,TDGXUSAM,,,,16433.5,3.11,0.335806087,,,,,,,,,,
1/31/1960,TDGXUSAM,,,,16654.5,3.15,2.370795633,,,,,,,,,,
2/29/1960,TDGXUSAM,,,,16952.4,3.21,4.619903973,,,,,,,,,,
3/31/1960,TDGXUSAM,,,,17167.8,3.25,6.341016223,,,,,,,,,,
4/30/1960,TDGXUSAM,,,,17489.8,3.31,8.729546924,,,,,,,,,,
5/31/1960,TDGXUSAM,,,,17813.7,3.37,11.14528869,,,,,,,,,,
6/30/1960,TDGXUSAM,,,,18100.3,3.42,12.7948352,,,,,,,,,,
7/31/1960,TDGXUSAM,,,,18413.8,3.48,14.49089733,,,,,,,,,,
8/31/1960,TDGXUSAM,,,,18641.3,3.53,15.42028878,,,,,,,,,,
9/30/1960,TDGXUSAM,,,,18774,3.55,14.99871366,,,,,,,,,,
10/31/1960,TDGXUSAM,,,,19131,3.62,17.33930324,,,,,,,,,,
11/30/1960,TDGXUSAM,,,,19427.9,3.68,19.34039338,,,,,,,,,,
12/31/1960,TDGXUSAM,,,,19566,3.62,19.0616728,,,,,,,,,,
1/31/1961,TDGXUSAM,,,,19654,3.64,18.01014741,,,,,,,,,,
2/28/1961,TDGXUSAM,,,,19807.3,3.67,18.93061935,,,,,,,,,,
3/31/1961,TDGXUSAM,,,,20021.5,3.71,16.62239774,,,,,,,,,,
4/30/1961,TDGXUSAM,,,,20030.9,3.71,14.52903978,,,,,,,,,,
5/31/1961,TDGXUSAM,,,,19964,3.7,12.07104644,,,,,,,,,,
6/30/1961,TDGXUSAM,,,,19942,3.69,10.17496948,,,,,,,,,,
7/31/1961,TDGXUSAM,,,,19929.2,3.69,8.229697292,,,,,,,,,,
8/31/1961,TDGXUSAM,,,,19964.1,3.7,7.096071626,,,,,,,,,,
9/30/1961,TDGXUSAM,,,,19972,3.7,6.381165442,,,,,,,,,,
10/31/1961,TDGXUSAM,,,,20096.1,3.72,5.044691861,,,,,,,,,,
11/30/1961,TDGXUSAM,,,,20161.1,3.73,3.773953953,,,,,,,,,,
12/31/1961,TDGXUSAM,,,,20230.2,3.48,3.394664213,,,,,,,,,,
1/31/1962,TDGXUSAM,,,,20274.8,3.49,3.158644551,,,,,,,,,,
2/28/1962,TDGXUSAM,,,,20386.2,3.51,2.922659827,,,,,,,,,,
3/31/1962,TDGXUSAM,,,,20294.7,3.5,1.364533127,,,,,,,,,,
4/30/1962,TDGXUSAM,,,,20462.3,3.52,2.153672576,,,,,,,,,,
5/31/1962,TDGXUSAM,,,,20648.6,3.56,3.429172511,,,,,,,,,,
6/30/1962,TDGXUSAM,,,,20904.5,3.6,4.826496841,,,,,,,,,,
7/31/1962,TDGXUSAM,,,,20956.4,3.61,5.154246031,,,,,,,,,,
8/31/1962,TDGXUSAM,,,,20970.7,3.61,5.042050481,,,,,,,,,,
9/30/1962,TDGXUSAM,,,,21199.6,3.65,6.146605247,,,,,,,,,,
10/31/1962,TDGXUSAM,,,,20932.5,3.61,4.162001582,,,,,,,,,,
11/30/1962,TDGXUSAM,,,,20911.4,3.6,3.721523131,,,,,,,,,,
12/31/1962,TDGXUSAM,,,,21022.3,3.43,3.915433362,,,,,,,,,,
1/31/1963,TDGXUSAM,,,,21342.5,3.49,5.266143193,,,,,,,,,,
2/28/1963,TDGXUSAM,,,,21666.2,3.54,6.278757198,,,,,,,,,,
3/31/1963,TDGXUSAM,,,,21956.5,3.59,8.18834474,,,,,,,,,,
4/30/1963,TDGXUSAM,,,,22078.7,3.61,7.899405248,,,,,,,,,,
5/31/1963,TDGXUSAM,,,,22213.6,3.63,7.579206338,,,,,,,,,,
6/30/1963,TDGXUSAM,,,,22173.7,3.62,6.071420029,,,,,,,,,,
7/31/1963,TDGXUSAM,,,,22263,3.64,6.234849497,,,,,,,,,,
8/31/1963,TDGXUSAM,,,,22465.6,3.67,7.128517408,,,,,,,,,,
9/30/1963,TDGXUSAM,,,,22522,3.68,6.237853544,,,,,,,,,,
10/31/1963,TDGXUSAM,,,,22923,3.74,9.50913651,,,,,,,,,,
11/30/1963,TDGXUSAM,,,,23152.3,3.78,10.71616439,,,,,,,,,,
12/31/1963,TDGXUSAM,,,,23400.1,3.58,11.3108461,,,,,,,,,,
1/31/1964,TDGXUSAM,,,,23465.2,3.59,9.945882629,,,,,,,,,,
2/29/1964,TDGXUSAM,,,,23398.4,3.58,7.99494143,,,,,,,,,,
3/31/1964,TDGXUSAM,,,,23511.7,3.6,7.083096122,,,,,,,,,,
4/30/1964,TDGXUSAM,,,,23665.9,3.62,7.188829052,,,,,,,,,,
5/31/1964,TDGXUSAM,,,,23843.7,3.65,7.338297259,,,,,,,,,,
6/30/1964,TDGXUSAM,,,,24086.5,3.68,8.626435823,,,,,,,,,,
7/31/1964,TDGXUSAM,,,,24365.8,3.73,9.445267933,,,,,,,,,,
8/31/1964,TDGXUSAM,,,,24549.3,3.75,9.275069439,,,,,,,,,,
9/30/1964,TDGXUSAM,,,,24831.9,3.8,10.25619394,,,,,,,,,,
10/31/1964,TDGXUSAM,,,,25039.4,3.83,9.232648432,,,,,,,,,,
11/30/1964,TDGXUSAM,,,,25276,3.87,9.172738778,,,,,,,,,,
12/31/1964,TDGXUSAM,,,,25610.6,3.67,9.446540827,,,,,,,,,,
1/31/1965,TDGXUSAM,,,,25785.7,3.7,9.889112388,,,,,,,,,,
2/28/1965,TDGXUSAM,,,,26332.3,3.78,12.21851934,,,,,,,,,,
3/31/1965,TDGXUSAM,,,,27004.1,3.87,14.85388126,,,,,,,,,,
4/30/1965,TDGXUSAM,,,,27329.6,3.92,15.48092403,,,,,,,,,,
5/31/1965,TDGXUSAM,,,,27552.3,3.95,15.55379408,,,,,,,,,,
6/30/1965,TDGXUSAM,,,,27706.8,3.97,15.03041123,,,,,,,,,,
7/31/1965,TDGXUSAM,,,,27887.9,4,14.4550969,,,,,,,,,,
8/31/1965,TDGXUSAM,,,,28121.7,4.03,14.55194242,,,,,,,,,,
9/30/1965,TDGXUSAM,,,,28176,4.04,13.46695178,,,,,,,,,,
10/31/1965,TDGXUSAM,,,,28375.1,4.07,13.32180484,,,,,,,,,,
11/30/1965,TDGXUSAM,,,,28570.2,4.1,13.0329166,,,,,,,,,,
12/31/1965,TDGXUSAM,,,,28538.7,3.7,11.43315658,,,,,,,,,,
1/31/1966,TDGXUSAM,,,,28609.5,3.71,10.951031,,,,,,,,,,
2/28/1966,TDGXUSAM,,,,28339.5,3.67,7.622577595,,,,,,,,,,
3/31/1966,TDGXUSAM,,,,28130.6,3.64,4.171588759,,,,,,,,,,
4/30/1966,TDGXUSAM,,,,28040.8,3.63,2.602306657,,,,,,,,,,
5/31/1966,TDGXUSAM,,,,28157.1,3.65,2.19509805,,,,,,,,,,
6/30/1966,TDGXUSAM,,,,28406.9,3.68,2.526816522,,,,,,,,,,
7/31/1966,TDGXUSAM,,,,28576.2,3.7,2.468095482,,,,,,,,,,
8/31/1966,TDGXUSAM,,,,28706.9,3.72,2.080955277,,,,,,,,,,
9/30/1966,TDGXUSAM,,,,28918.1,3.75,2.633801817,,,,,,,,,,
10/31/1966,TDGXUSAM,,,,29185.2,3.78,2.854967912,,,,,,,,,,
11/30/1966,TDGXUSAM,,,,29298,3.8,2.547409539,,,,,,,,,,
12/31/1966,TDGXUSAM,,,,29353.1,3.52,2.853668878,,,,,,,,,,
1/31/1967,TDGXUSAM,,,,29693.8,3.56,3.789999825,,,,,,,,,,
2/28/1967,TDGXUSAM,,,,29922.9,3.59,5.587254539,,,,,,,,,,
3/31/1967,TDGXUSAM,,,,29917.3,3.59,6.351446468,,,,,,,,,,
4/30/1967,TDGXUSAM,,,,30208.8,3.63,7.73159111,,,,,,,,,,
5/31/1967,TDGXUSAM,,,,30342.3,3.64,7.760742406,,,,,,,,,,
6/30/1967,TDGXUSAM,,,,30440,3.65,7.157063953,,,,,,,,,,
7/31/1967,TDGXUSAM,,,,30572.6,3.67,6.986233299,,,,,,,,,,
8/30/1967,TDGXUSAM,,,,30678.8,3.68,7.357871236,,,,,,,,,,
9/30/1967,TDGXUSAM,,,,30773.2,3.69,6.415013434,,,,,,,,,,
10/31/1967,TDGXUSAM,,,,30572,3.67,4.751723476,,,,,,,,,,
11/30/1967,TDGXUSAM,,,,30751.9,3.69,4.962454775,,,,,,,,,,
12/31/1967,TDGXUSAM,,,,31011.3,3.52,5.64914779,,,,,,,,,,
1/31/1968,TDGXUSAM,,,,31186.8,3.54,5.02798564,,,,,,,,,,
2/29/1968,TDGXUSAM,,,,31380.1,3.56,4.869848845,,,,,,,,,,
3/31/1968,TDGXUSAM,,,,31294.2,3.55,4.602353822,,,,,,,,,,
4/30/1968,TDGXUSAM,,,,31541.5,3.58,4.4116284,,,,,,,,,,
5/31/1968,TDGXUSAM,,,,31732.4,3.6,4.581392973,,,,,,,,,,
6/30/1968,TDGXUSAM,,,,32019.9,3.63,5.19021025,,,,,,,,,,
7/31/1968,TDGXUSAM,,,,32276.5,3.66,5.573291117,,,,,,,,,,
8/30/1968,TDGXUSAM,,,,32660.2,3.71,6.458531624,,,,,,,,,,
9/30/1968,TDGXUSAM,,,,33274.4,3.78,8.127851507,,,,,,,,,,
10/31/1968,TDGXUSAM,,,,33490.3,3.8,9.545662698,,,,,,,,,,
11/30/1968,TDGXUSAM,,,,33791.8,3.83,9.885242863,,,,,,,,,,
12/31/1968,TDGXUSAM,,,,34092.4,3.52,9.935410641,,,,,,,,,,
1/31/1969,TDGXUSAM,,,,33438.6,3.45,7.220362461,,,,,,,,,,
2/28/1969,TDGXUSAM,,,,32929.7,3.4,5.588582349,,,,,,,,,,
3/31/1969,TDGXUSAM,,,,33679.3,3.48,7.621540094,,,,,,,,,,
4/30/1969,TDGXUSAM,,,,34142.3,3.53,8.245644627,,,,,,,,,,
5/31/1969,TDGXUSAM,,,,34670.1,3.58,9.257730269,,,,,,,,,,
6/30/1969,TDGXUSAM,,,,34979.6,3.61,9.243314314,,,,,,,,,,
7/31/1969,TDGXUSAM,,,,35303.6,3.65,9.378650101,,,,,,,,,,
8/31/1969,TDGXUSAM,,,,35720.2,3.69,9.369201658,,,,,,,,,,
9/30/1969,TDGXUSAM,,,,35850,3.7,7.740485178,,,,,,,,,,
10/31/1969,TDGXUSAM,,,,36561,3.78,9.168923539,,,,,,,,,,
11/30/1969,TDGXUSAM,,,,36986.3,3.82,9.453476879,,,,,,,,,,
12/31/1969,TDGXUSAM,,,,37288.7,3.59,9.375403316,,,,,,,,,,
1/31/1970,TDGXUSAM,,,,38533.6,3.71,15.23688193,,,,,,,,,,
2/28/1970,TDGXUSAM,,,,39814,3.84,20.90605138,,,,,,,,,,
3/31/1970,TDGXUSAM,,,,40000.8,3.85,18.76968939,,,,,,,,,,
4/30/1970,TDGXUSAM,,,,40092.5,3.86,17.4276484,,,,,,,,,,
5/31/1970,TDGXUSAM,,,,40485.7,3.9,16.77410795,,,,,,,,,,
6/30/1970,TDGXUSAM,,,,41033.4,3.95,17.30665874,,,,,,,,,,
7/31/1970,TDGXUSAM,,,,41555,4,17.70754257,,,,,,,,,,
8/31/1970,TDGXUSAM,,,,41780.3,4.02,16.96547052,,,,,,,,,,
9/30/1970,TDGXUSAM,,,,41992.1,4.04,17.13277545,,,,,,,,,,
10/31/1970,TDGXUSAM,,,,42338,4.08,15.80099013,,,,,,,,,,
11/30/1970,TDGXUSAM,,,,42439.8,4.09,14.74464869,,,,,,,,,,
12/31/1970,TDGXUSAM,,,,42729.2,3.93,14.59021098,,,,,,,,,,
1/31/1971,TDGXUSAM,,,,42924.9,3.94,11.3960284,,,,,,,,,,
2/28/1971,TDGXUSAM,,,,43072.9,3.96,8.185311699,,,,,,,,,,
3/31/1971,TDGXUSAM,,,,43487.4,3.99,8.716325673,,,,,,,,,,
4/30/1971,TDGXUSAM,,,,43708.1,4.02,9.018145538,,,,,,,,,,
5/31/1971,TDGXUSAM,,,,43793.5,4.02,8.170292227,,,,,,,,,,
6/30/1971,TDGXUSAM,,,,43738.9,4.02,6.593409271,,,,,,,,,,
7/31/1971,TDGXUSAM,,,,43608.1,4.01,4.940681025,,,,,,,,,,
8/31/1971,TDGXUSAM,,,,43683.2,4.01,4.554538862,,,,,,,,,,
9/30/1971,TDGXUSAM,,,,44617.3,4.1,6.251652096,,,,,,,,,,
10/31/1971,TDGXUSAM,,,,43598.1,4,2.976286079,,,,,,,,,,
11/30/1971,TDGXUSAM,,,,43294.4,3.98,2.013675842,,,,,,,,,,
12/31/1971,TDGXUSAM,,,,43606.1,3.66,2.05222658,,,,,,,,,,
1/31/1972,TDGXUSAM,,,,44079.1,3.7,2.688882211,,,,,,,,,,
2/29/1972,TDGXUSAM,,,,44208.5,3.71,2.636460512,,,,,,,,,,
3/31/1972,TDGXUSAM,,,,44287.5,3.72,1.839843265,,,,,,,,,,
4/30/1972,TDGXUSAM,,,,44477.2,3.74,1.759628078,,,,,,,,,,
5/31/1972,TDGXUSAM,,,,44612.5,3.75,1.870140546,,,,,,,,,,
6/30/1972,TDGXUSAM,,,,44911.2,3.77,2.680222868,,,,,,,,,,
7/31/1972,TDGXUSAM,,,,45412.5,3.82,4.137763397,,,,,,,,,,
8/31/1972,TDGXUSAM,,,,45937.3,3.86,5.160107318,,,,,,,,,,
9/30/1972,TDGXUSAM,,,,45626.9,3.83,2.262799407,,,,,,,,,,
10/31/1972,TDGXUSAM,,,,47269.6,3.97,8.42123854,,,,,,,,,,
11/30/1972,TDGXUSAM,,,,48542,4.08,12.12073617,,,,,,,,,,
12/31/1972,TDGXUSAM,,,,49214.3,3.7,12.86104467,,,,,,,,,,
1/31/1973,TDGXUSAM,,,,50095.2,3.77,13.64841841,,,,,,,,,,
2/28/1973,TDGXUSAM,,,,51341.6,3.86,16.47606235,,,,,,,,,,
3/31/1973,TDGXUSAM,,,,52784.1,3.97,19.18509738,,,,,,,,,,
4/30/1973,TDGXUSAM,,,,54457.4,4.1,22.43891252,,,,,,,,,,
5/31/1973,TDGXUSAM,,,,56137.2,4.22,25.83289437,,,,,,,,,,
6/30/1973,TDGXUSAM,,,,57893.8,4.36,28.90726589,,,,,,,,,,
7/31/1973,TDGXUSAM,,,,59685,4.49,31.42857143,,,,,,,,,,
8/31/1973,TDGXUSAM,,,,61535.7,4.63,33.95584852,,,,,,,,,,
9/30/1973,TDGXUSAM,,,,63779.1,4.8,39.78398708,,,,,,,,,,
10/31/1973,TDGXUSAM,,,,66053,4.97,39.73674412,,,,,,,,,,
11/30/1973,TDGXUSAM,,,,68463.7,5.15,41.0401302,,,,,,,,,,
12/31/1973,TDGXUSAM,,,,70859.4,4.8,43.9813225,,,,,,,,,,
1/31/1974,TDGXUSAM,,,,73054.4,4.95,45.83113751,,,,,,,,,,
2/28/1974,TDGXUSAM,,,,75533,5.12,47.11851598,,,,,,,,,,
3/31/1974,TDGXUSAM,,,,77847.4,5.27,47.48266997,,,,,,,,,,
4/30/1974,TDGXUSAM,,,,80461.5,5.45,47.7512698,,,,,,,,,,
5/31/1974,TDGXUSAM,,,,82552.5,5.59,47.05489408,,,,,,,,,,
6/30/1974,TDGXUSAM,,,,85141.8,5.77,47.06548888,,,,,,,,,,
7/31/1974,TDGXUSAM,,,,87583.4,5.93,46.74273268,,,,,,,,,,
8/31/1974,TDGXUSAM,,,,89920.7,6.09,46.12769498,,,,,,,,,,
9/30/1974,TDGXUSAM,,,,91900.2,6.23,44.09140298,,,,,,,,,,
10/31/1974,TDGXUSAM,,,,93987.6,6.37,42.29119041,,,,,,,,,,
11/30/1974,TDGXUSAM,,,,96081.7,6.51,40.33962523,,,,,,,,,,
12/31/1974,TDGXUSAM,,,,97994.9,6.13,38.29484867,,,,,,,,,,
1/31/1975,TDGXUSAM,,,,100342,6.27,37.35243873,,,,,,,,,,
2/28/1975,TDGXUSAM,,,,101597.1,6.35,34.50690427,,,,,,,,,,
3/31/1975,TDGXUSAM,,,,102686.5,6.42,31.90742401,,,,,,,,,,
4/30/1975,TDGXUSAM,,,,103291.7,6.46,28.3740671,,,,,,,,,,
5/31/1975,TDGXUSAM,,,,103879.9,6.49,25.83495351,,,,,,,,,,
6/30/1975,TDGXUSAM,,,,104317.5,6.52,22.52207494,,,,,,,,,,
7/31/1975,TDGXUSAM,,,,104895.1,6.56,19.76596022,,,,,,,,,,
8/31/1975,TDGXUSAM,,,,105553.8,6.6,17.38542961,,,,,,,,,,
9/30/1975,TDGXUSAM,,,,106270.6,6.64,15.63696271,,,,,,,,,,
10/31/1975,TDGXUSAM,,,,106839.1,6.68,13.67361226,,,,,,,,,,
11/30/1975,TDGXUSAM,,,,107287.1,6.71,11.66236651,,,,,,,,,,
12/31/1975,TDGXUSAM,,,,107697.1,6.11,9.900719323,,,,,,,,,,
1/31/1976,TDGXUSAM,,,,107307.3,6.09,6.941559865,,,,,,,,,,
2/29/1976,TDGXUSAM,,,,107435.5,6.1,5.74662072,,,,,,,,,,
3/31/1976,TDGXUSAM,,,,107746.4,6.12,4.927522118,,,,,,,,,,
4/30/1976,TDGXUSAM,,,,108410.4,6.15,4.955577263,,,,,,,,,,
5/31/1976,TDGXUSAM,,,,109740.2,6.23,5.6414186,,,,,,,,,,
6/30/1976,TDGXUSAM,,,,110719.2,6.28,6.136745992,,,,,,,,,,
7/31/1976,TDGXUSAM,,,,111823.6,6.35,6.605170308,,,,,,,,,,
8/30/1976,TDGXUSAM,,,,112611.8,6.39,7.356587677,,,,,,,,,,
9/30/1976,TDGXUSAM,,,,113335,6.43,6.647558215,,,,,,,,,,
10/31/1976,TDGXUSAM,,,,113864,6.46,6.575214505,,,,,,,,,,
11/30/1976,TDGXUSAM,,,,114045.1,6.47,6.298986551,,,,,,,,,,
12/31/1976,TDGXUSAM,,,,115221.1,5.96,6.98626054,,,,,,,,,,
1/31/1977,TDGXUSAM,,,,115780.1,5.99,7.89582815,,,,,,,,,,
2/28/1977,TDGXUSAM,,,,116745.4,6.04,8.795394162,,,,,,,,,,
3/31/1977,TDGXUSAM,,,,117883.9,6.09,9.408667018,,,,,,,,,,
4/30/1977,TDGXUSAM,,,,118446.9,6.12,9.257875628,,,,,,,,,,
5/31/1977,TDGXUSAM,,,,119405.1,6.17,8.807073433,,,,,,,,,,
6/30/1977,TDGXUSAM,,,,119762.2,6.19,8.167508436,,,,,,,,,,
7/31/1977,TDGXUSAM,,,,120145.6,6.21,7.442078416,,,,,,,,,,
8/31/1977,TDGXUSAM,,,,120002.6,6.2,6.563077759,,,,,,,,,,
9/30/1977,TDGXUSAM,,,,121201.9,6.27,6.941280275,,,,,,,,,,
10/31/1977,TDGXUSAM,,,,120789,6.24,6.081816904,,,,,,,,,,
11/30/1977,TDGXUSAM,,,,120664.9,6.24,5.804545745,,,,,,,,,,
12/31/1977,TDGXUSAM,,,,121215.8,5.6,5.202779699,,,,,,,,,,
1/31/1978,TDGXUSAM,,,,121412.1,5.61,4.864393795,,,,,,,,,,
2/28/1978,TDGXUSAM,,,,121453.1,5.61,4.032450101,,,,,,,,,,
3/31/1978,TDGXUSAM,,,,122431.5,5.66,3.857693884,,,,,,,,,,
4/30/1978,TDGXUSAM,,,,124119.9,5.73,4.789487948,,,,,,,,,,
5/31/1978,TDGXUSAM,,,,125367.5,5.79,4.993421554,,,,,,,,,,
6/30/1978,TDGXUSAM,,,,127540.5,5.89,6.49478717,,,,,,,,,,
7/31/1978,TDGXUSAM,,,,128823.8,5.95,7.223069343,,,,,,,,,,
8/31/1978,TDGXUSAM,,,,131426.7,6.07,9.519877069,,,,,,,,,,
9/30/1978,TDGXUSAM,,,,133663,6.18,10.28127447,,,,,,,,,,
10/31/1978,TDGXUSAM,,,,137206.8,6.34,13.59213173,,,,,,,,,,
11/30/1978,TDGXUSAM,,,,141176.5,6.52,16.99881241,,,,,,,,,,
12/31/1978,TDGXUSAM,,,,143459.8,5.79,18.35074305,,,,,,,,,,
1/31/1979,TDGXUSAM,,,,146861.9,5.93,20.96150219,,,,,,,,,,
2/28/1979,TDGXUSAM,,,,150538.9,6.08,23.94817423,,,,,,,,,,
3/31/1979,TDGXUSAM,,,,153694.6,6.2,25.53517681,,,,,,,,,,
4/30/1979,TDGXUSAM,,,,156045.2,6.3,25.7213388,,,,,,,,,,
5/31/1979,TDGXUSAM,,,,158352.6,6.39,26.31072646,,,,,,,,,,
6/30/1979,TDGXUSAM,,,,160907.6,6.5,26.16196424,,,,,,,,,,
7/31/1979,TDGXUSAM,,,,164944.3,6.66,28.0386854,,,,,,,,,,
8/31/1979,TDGXUSAM,,,,168375.3,6.8,28.11346553,,,,,,,,,,
9/30/1979,TDGXUSAM,,,,170925.2,6.9,27.87772233,,,,,,,,,,
10/31/1979,TDGXUSAM,,,,174705.5,7.05,27.33005944,,,,,,,,,,
11/30/1979,TDGXUSAM,,,,178186.6,7.19,26.21548204,,,,,,,,,,
12/31/1979,TDGXUSAM,,,,181646,6.67,26.6180491,,,,,,,,,,
1/31/1980,TDGXUSAM,,,,185800.5,6.82,26.51375204,,,,,,,,,,
2/29/1980,TDGXUSAM,,,,189169.4,6.94,25.66147355,,,,,,,,,,
3/31/1980,TDGXUSAM,,,,193136.2,7.09,25.66231995,,,,,,,,,,
4/30/1980,TDGXUSAM,,,,197724.3,7.26,26.70963285,,,,,,,,,,
5/31/1980,TDGXUSAM,,,,201287.5,7.39,27.11347967,,,,,,,,,,
6/30/1980,TDGXUSAM,,,,204909.2,7.52,27.34588049,,,,,,,,,,
7/31/1980,TDGXUSAM,,,,207483.6,7.62,25.79010005,,,,,,,,,,
8/31/1980,TDGXUSAM,,,,210853,7.74,25.22798772,,,,,,,,,,
9/30/1980,TDGXUSAM,,,,213856.6,7.85,25.11706875,,,,,,,,,,
10/31/1980,TDGXUSAM,,,,216388.7,7.94,23.85912292,,,,,,,,,,
11/30/1980,TDGXUSAM,,,,218175.1,8.01,22.44192324,,,,,,,,,,
12/31/1980,TDGXUSAM,,,,220684.3,7.39,21.49141737,,,,,,,,,,
1/31/1981,TDGXUSAM,,,,222166.9,7.44,19.57282139,,,,,,,,,,
2/28/1981,TDGXUSAM,,,,224970.7,7.54,21.08185931,,,,,,,,,,
3/31/1981,TDGXUSAM,,,,227983.4,7.64,18.04281124,,,,,,,,,,
4/30/1981,TDGXUSAM,,,,229202.4,7.68,15.92019797,,,,,,,,,,
5/31/1981,TDGXUSAM,,,,230454.6,7.72,14.49026889,,,,,,,,,,
6/30/1981,TDGXUSAM,,,,231764.1,7.76,13.10575611,,,,,,,,,,
7/31/1981,TDGXUSAM,,,,232786.8,7.8,12.19527712,,,,,,,,,,
8/31/1981,TDGXUSAM,,,,232731.1,7.8,10.37599655,,,,,,,,,,
9/30/1981,TDGXUSAM,,,,233453.4,7.82,9.163523595,,,,,,,,,,
10/31/1981,TDGXUSAM,,,,233403,7.82,7.862841267,,,,,,,,,,
11/30/1981,TDGXUSAM,,,,233840.8,7.83,7.180333594,,,,,,,,,,
12/31/1981,TDGXUSAM,,,,233475.3,7.12,5.79606252,,,,,,,,,,
1/31/1982,TDGXUSAM,,,,233156.9,7.11,4.946731489,,,,,,,,,,
2/28/1982,TDGXUSAM,,,,231982.3,7.07,3.116672527,,,,,,,,,,
3/31/1982,TDGXUSAM,,,,229166.1,6.99,0.51876584,,,,,,,,,,
4/30/1982,TDGXUSAM,,,,227385.2,6.93,-0.792836375,,,,,,,,,,
5/31/1982,TDGXUSAM,,,,226610.5,6.91,-1.668050887,,,,,,,,,,
6/30/1982,TDGXUSAM,,,,225683.6,6.88,-2.623572848,,,,,,,,,,
7/31/1982,TDGXUSAM,,,,224453.8,6.84,-3.579670325,,,,,,,,,,
8/31/1982,TDGXUSAM,,,,222886.3,6.79,-4.230117934,,,,,,,,,,
9/30/1982,TDGXUSAM,,,,220655.9,6.73,-5.481822068,,,,,,,,,,
10/31/1982,TDGXUSAM,,,,218164.1,6.65,-6.529007768,,,,,,,,,,
11/30/1982,TDGXUSAM,,,,214863.1,6.55,-8.115649621,,,,,,,,,,
12/31/1982,TDGXUSAM,,,,212324.3,6.24,-9.059202408,,,,,,,,,,
1/31/1983,TDGXUSAM,,,,210972.7,6.2,-9.514708765,,,,,,,,,,
2/28/1983,TDGXUSAM,,,,208671.1,6.13,-10.04869768,,,,,,,,,,
3/31/1983,TDGXUSAM,,,,206899.5,6.08,-9.716358571,,,,,,,,,,
4/30/1983,TDGXUSAM,,,,204989.3,6.02,-9.849321768,,,,,,,,,,
5/31/1983,TDGXUSAM,,,,202520,5.95,-10.63079601,,,,,,,,,,
6/30/1983,TDGXUSAM,,,,200656.1,5.9,-11.08964054,,,,,,,,,,
7/31/1983,TDGXUSAM,,,,199082.5,5.85,-11.30357339,,,,,,,,,,
8/31/1983,TDGXUSAM,,,,198201.2,5.83,-11.07519843,,,,,,,,,,
9/30/1983,TDGXUSAM,,,,198137.9,5.82,-10.20502964,,,,,,,,,,
10/31/1983,TDGXUSAM,,,,198499.5,5.83,-9.013673652,,,,,,,,,,
11/30/1983,TDGXUSAM,,,,199710.6,5.87,-7.052164844,,,,,,,,,,
12/31/1983,TDGXUSAM,,,,200662,5.29,-5.492682656,,,,,,,,,,
1/31/1984,TDGXUSAM,,,,201319,5.31,-4.575805306,,,,,,,,,,
2/29/1984,TDGXUSAM,,,,202215,5.33,-3.093911903,,,,,,,,,,
3/31/1984,TDGXUSAM,,,,203431,5.36,-1.676417778,,,,,,,,,,
4/30/1984,TDGXUSAM,,,,204856,5.4,-0.065027784,,,,,,,,,,
5/31/1984,TDGXUSAM,,,,207179,5.46,2.30051353,,,,,,,,,,
6/30/1984,TDGXUSAM,,,,207925,5.48,3.622566172,,,,,,,,,,
7/31/1984,TDGXUSAM,,,,210593,5.55,5.781773888,,,,,,,,,,
8/31/1984,TDGXUSAM,,,,212134,5.59,7.029624442,,,,,,,,,,
9/30/1984,TDGXUSAM,,,,213087,5.62,7.544795821,,,,,,,,,,
10/31/1984,TDGXUSAM,,,,214465,5.65,8.043093308,,,,,,,,,,
11/30/1984,TDGXUSAM,,,,215797,5.69,8.054855376,,,,,,,,,,
12/31/1984,TDGXUSAM,,,,217641,5.25,8.46149246,,,,,,,,,,
1/31/1985,TDGXUSAM,,,,219153,5.28,8.85857768,,,,,,,,,,
2/28/1985,TDGXUSAM,,,,219798,5.3,9.178964728,,,,,,,,,,
3/31/1985,TDGXUSAM,,,,220338,5.31,8.310926063,,,,,,,,,,
4/30/1985,TDGXUSAM,,,,220597,5.32,7.683934081,,,,,,,,,,
5/31/1985,TDGXUSAM,,,,220033,5.3,6.204296768,,,,,,,,,,
6/30/1985,TDGXUSAM,,,,219766,5.3,5.69484189,,,,,,,,,,
7/31/1985,TDGXUSAM,,,,218024,5.26,3.528607314,,,,,,,,,,
8/31/1985,TDGXUSAM,,,,217324,5.24,2.446566793,,,,,,,,,,
9/30/1985,TDGXUSAM,,,,216846,5.23,1.764068197,,,,,,,,,,
10/31/1985,TDGXUSAM,,,,215803,5.2,0.623878022,,,,,,,,,,
11/30/1985,TDGXUSAM,,,,215384,5.19,-0.191383569,,,,,,,,,,
12/31/1985,TDGXUSAM,,,,213266,4.8,-2.010191095,,,,,,,,,,
1/31/1986,TDGXUSAM,,,,212422.1,4.78,-3.0713246,,,,,,,,,,
2/28/1986,TDGXUSAM,,,,213089.2,4.79,-3.052257072,,,,,,,,,,
3/31/1986,TDGXUSAM,,,,212642,4.78,-3.492815583,,,,,,,,,,
4/30/1986,TDGXUSAM,,,,213624.6,4.81,-3.160695748,,,,,,,,,,
5/31/1986,TDGXUSAM,,,,215233.5,4.84,-2.18126372,,,,,,,,,,
6/30/1986,TDGXUSAM,,,,217833.2,4.9,-0.879480902,,,,,,,,,,
7/31/1986,TDGXUSAM,,,,220152,4.95,0.976039335,,,,,,,,,,
8/31/1986,TDGXUSAM,,,,220698.8,4.97,1.552888774,,,,,,,,,,
9/30/1986,TDGXUSAM,,,,221248.6,4.98,2.030288776,,,,,,,,,,
10/31/1986,TDGXUSAM,,,,223608.7,5.03,3.617048883,,,,,,,,,,
11/30/1986,TDGXUSAM,,,,224927.6,5.06,4.430969803,,,,,,,,,,
12/31/1986,TDGXUSAM,,,,227158.4,4.88,6.514118519,,,,,,,,,,
1/31/1987,TDGXUSAM,,,,226979.9,4.87,6.85324173,,,,,,,,,,
2/28/1987,TDGXUSAM,,,,227832.3,4.89,6.918745765,,,,,,,,,,
3/31/1987,TDGXUSAM,,,,229815.5,4.93,8.076250223,,,,,,,,,,
4/30/1987,TDGXUSAM,,,,231304.2,4.97,8.276013156,,,,,,,,,,
5/31/1987,TDGXUSAM,,,,232394.9,4.99,7.973387042,,,,,,,,,,
6/30/1987,TDGXUSAM,,,,233738.7,5.02,7.301687713,,,,,,,,,,
7/31/1987,TDGXUSAM,,,,236483.3,5.08,7.418192885,,,,,,,,,,
8/31/1987,TDGXUSAM,,,,239360,5.14,8.455505875,,,,,,,,,,
9/30/1987,TDGXUSAM,,,,242747.6,5.21,9.717123634,,,,,,,,,,
10/31/1987,TDGXUSAM,,,,245156.3,5.26,9.636297693,,,,,,,,,,
11/30/1987,TDGXUSAM,,,,249189.5,5.35,10.78653753,,,,,,,,,,
12/31/1987,TDGXUSAM,,,,254121.9,5.07,11.86991104,,,,,,,,,,
1/31/1988,TDGXUSAM,,,,259428.3,5.18,14.29571517,,,,,,,,,,
2/29/1988,TDGXUSAM,,,,264599,5.28,16.13761525,,,,,,,,,,
3/31/1988,TDGXUSAM,,,,272037.4,5.43,18.37208543,,,,,,,,,,
4/30/1988,TDGXUSAM,,,,278055.5,5.55,20.21204111,,,,,,,,,,
5/31/1988,TDGXUSAM,,,,285549.7,5.7,22.87261898,,,,,,,,,,
6/30/1988,TDGXUSAM,,,,290823.9,5.81,24.42265658,,,,,,,,,,
7/31/1988,TDGXUSAM,,,,294558.2,5.88,24.55771718,,,,,,,,,,
8/31/1988,TDGXUSAM,,,,301103.6,6.01,25.79528743,,,,,,,,,,
9/30/1988,TDGXUSAM,,,,306936.4,6.13,26.44260953,,,,,,,,,,
10/31/1988,TDGXUSAM,,,,313011,6.25,27.6781384,,,,,,,,,,
11/30/1988,TDGXUSAM,,,,317410.8,6.34,27.37727713,,,,,,,,,,
12/31/1988,TDGXUSAM,,,,322426.5,5.97,26.87867516,,,,,,,,,,
1/31/1989,TDGXUSAM,,,,327122.3,6.06,26.0935295,,,,,,,,,,
2/28/1989,TDGXUSAM,,,,331073.1,6.13,27.61641656,,,,,,,,,,
3/31/1989,TDGXUSAM,,,,334312,6.19,22.89192589,,,,,,,,,,
4/30/1989,TDGXUSAM,,,,338612.8,6.27,21.7788535,,,,,,,,,,
5/31/1989,TDGXUSAM,,,,341694.5,6.33,19.6620063,,,,,,,,,,
6/30/1989,TDGXUSAM,,,,346334.1,6.41,19.08722082,,,,,,,,,,
7/31/1989,TDGXUSAM,,,,350058,6.48,18.84170938,,,,,,,,,,
8/31/1989,TDGXUSAM,,,,352833.6,6.53,17.18013335,,,,,,,,,,
9/30/1989,TDGXUSAM,,,,355746,6.59,15.9021869,,,,,,,,,,
10/31/1989,TDGXUSAM,,,,358694.2,6.64,14.59475865,,,,,,,,,,
11/30/1989,TDGXUSAM,,,,361492.3,6.69,13.88783873,,,,,,,,,,
12/31/1989,TDGXUSAM,,,,363811.4,6.33,12.83545242,,,,,,,,,,
1/31/1990,TDGXUSAM,,,,367043.8,6.39,12.20384547,,,,,,,,,,
2/28/1990,TDGXUSAM,,,,370259.4,6.44,11.83614736,,,,,,,,,,
3/31/1990,TDGXUSAM,,,,372787.5,6.49,11.50885999,,,,,,,,,,
4/30/1990,TDGXUSAM,,,,374262.7,6.51,10.52821984,,,,,,,,,,
5/31/1990,TDGXUSAM,,,,376084.4,6.54,10.0645167,,,,,,,,,,
6/30/1990,TDGXUSAM,,,,378485,6.59,9.283203704,,,,,,,,,,
7/31/1990,TDGXUSAM,,,,380859.1,6.63,8.79885619,,,,,,,,,,
8/31/1990,TDGXUSAM,,,,383248.8,6.67,8.620267458,,,,,,,,,,
9/30/1990,TDGXUSAM,,,,385145.8,6.7,8.264267202,,,,,,,,,,
10/31/1990,TDGXUSAM,,,,388478.8,6.76,8.303619072,,,,,,,,,,
11/30/1990,TDGXUSAM,,,,391533.9,6.81,8.310439807,,,,,,,,,,
12/31/1990,TDGXUSAM,,,,393812.2,6.56,8.246250667,,,,,,,,,,
1/31/1991,TDGXUSAM,,,,396489,6.6,8.022257834,,,,,,,,,,
2/28/1991,TDGXUSAM,,,,398416.6,6.64,7.604722527,,,,,,,,,,
3/31/1991,TDGXUSAM,,,,399640.9,6.66,7.203406767,,,,,,,,,,
4/30/1991,TDGXUSAM,,,,402899.1,6.71,7.651417039,,,,,,,,,,
5/31/1991,TDGXUSAM,,,,405497.6,6.75,7.820904031,,,,,,,,,,
6/30/1991,TDGXUSAM,,,,406727.9,6.77,7.462092289,,,,,,,,,,
7/31/1991,TDGXUSAM,,,,409290.7,6.82,7.465122929,,,,,,,,,,
8/31/1991,TDGXUSAM,,,,411589.8,6.85,7.394935092,,,,,,,,,,
9/30/1991,TDGXUSAM,,,,414436.8,6.9,7.60517186,,,,,,,,,,
10/31/1991,TDGXUSAM,,,,416599.7,6.94,7.238721907,,,,,,,,,,
11/30/1991,TDGXUSAM,,,,420103.9,7,7.296941593,,,,,,,,,,
12/31/1991,TDGXUSAM,,,,421922.9,6.74,7.138097804,,,,,,,,,,
1/31/1992,TDGXUSAM,,,,423130.9,6.75,6.719455016,,,,,,,,,,
2/29/1992,TDGXUSAM,,,,426347.7,6.81,7.010526168,,,,,,,,,,
3/31/1992,TDGXUSAM,,,,427647,6.83,7.007816267,,,,,,,,,,
4/30/1992,TDGXUSAM,,,,427783.4,6.83,6.176310645,,,,,,,,,,
5/31/1992,TDGXUSAM,,,,428076.7,6.83,5.56824504,,,,,,,,,,
6/30/1992,TDGXUSAM,,,,430249.5,6.87,5.783129212,,,,,,,,,,
7/31/1992,TDGXUSAM,,,,433132,6.91,5.825028519,,,,,,,,,,
8/31/1992,TDGXUSAM,,,,434326.7,6.93,5.524165079,,,,,,,,,,
9/30/1992,TDGXUSAM,,,,436211.1,6.96,5.253949456,,,,,,,,,,
10/31/1992,TDGXUSAM,,,,437552.6,6.98,5.029504342,,,,,,,,,,
11/30/1992,TDGXUSAM,,,,437986.3,6.99,4.256661269,,,,,,,,,,
12/31/1992,TDGXUSAM,,,,439631,6.58,4.196999025,,,,,,,,,,
1/31/1993,TDGXUSAM,,,,441544,6.61,4.351632084,,,,,,,,,,
2/28/1993,TDGXUSAM,,,,441692,6.61,4.386609439,,,,,,,,,,
3/31/1993,TDGXUSAM,,,,443667,6.64,3.746080295,,,,,,,,,,
4/30/1993,TDGXUSAM,,,,445817,6.67,4.215591348,,,,,,,,,,
5/31/1993,TDGXUSAM,,,,449235,6.72,4.942642288,,,,,,,,,,
6/30/1993,TDGXUSAM,,,,448983,6.72,4.354101516,,,,,,,,,,
7/31/1993,TDGXUSAM,,,,448445,6.71,3.535411837,,,,,,,,,,
8/31/1993,TDGXUSAM,,,,449955,6.74,3.598282123,,,,,,,,,,
9/30/1993,TDGXUSAM,,,,451118,6.75,3.417359164,,,,,,,,,,
10/31/1993,TDGXUSAM,,,,452632,6.78,3.446305656,,,,,,,,,,
11/30/1993,TDGXUSAM,,,,454367,6.8,3.740002827,,,,,,,,,,
12/31/1993,TDGXUSAM,,,,456944,6.51,3.93807534,,,,,,,,,,
1/31/1994,TDGXUSAM,,,,459254,6.55,4.010925298,,,,,,,,,,
2/28/1994,TDGXUSAM,,,,460102,6.56,4.168062813,,,,,,,,,,
3/31/1994,TDGXUSAM,,,,463678,6.61,4.510364756,,,,,,,,,,
4/30/1994,TDGXUSAM,,,,466076,6.65,4.544241247,,,,,,,,,,
5/31/1994,TDGXUSAM,,,,468002,6.67,4.177546273,,,,,,,,,,
6/30/1994,TDGXUSAM,,,,472672,6.74,5.276146313,,,,,,,,,,
7/31/1994,TDGXUSAM,,,,476932,6.8,6.3523955,,,,,,,,,,
8/31/1994,TDGXUSAM,,,,482893,6.88,7.320287584,,,,,,,,,,
9/30/1994,TDGXUSAM,,,,488637,6.97,8.316892698,,,,,,,,,,
10/31/1994,TDGXUSAM,,,,492213,7.02,8.7446314,,,,,,,,,,
11/30/1994,TDGXUSAM,,,,497239,7.09,9.435544395,,,,,,,,,,
12/31/1994,TDGXUSAM,,,,502859,6.74,10.04827725,,,,,,,,,,
1/31/1995,TDGXUSAM,,,,508596,6.82,10.74394562,,,,,,,,,,
2/28/1995,TDGXUSAM,,,,516777,6.93,12.31792081,,,,,,,,,,
3/31/1995,TDGXUSAM,,,,522397,7.01,12.6637451,,,,,,,,,,
4/30/1995,TDGXUSAM,,,,529575,7.1,13.62417288,,,,,,,,,,
5/31/1995,TDGXUSAM,,,,536570,7.2,14.65121944,,,,,,,,,,
6/30/1995,TDGXUSAM,,,,542667,7.28,14.80836606,,,,,,,,,,
7/31/1995,TDGXUSAM,,,,549177,7.37,15.14786175,,,,,,,,,,
8/31/1995,TDGXUSAM,,,,554425,7.44,14.81321949,,,,,,,,,,
9/30/1995,TDGXUSAM,,,,560256,7.51,14.65689254,,,,,,,,,,
10/31/1995,TDGXUSAM,,,,566441,7.6,15.08046313,,,,,,,,,,
11/30/1995,TDGXUSAM,,,,571013,7.66,14.83672841,,,,,,,,,,
12/31/1995,TDGXUSAM,,,,575205,7.4,14.3869355,,,,,,,,,,
1/31/1996,TDGXUSAM,,,,579301,7.45,13.90199687,,,,,,,,,,
2/29/1996,TDGXUSAM,,,,584243,7.52,13.05514758,,,,,,,,,,
3/31/1996,TDGXUSAM,,,,587387,7.56,12.44072994,,,,,,,,,,
4/30/1996,TDGXUSAM,,,,591019,7.6,11.60251145,,,,,,,,,,
5/31/1996,TDGXUSAM,,,,594191,7.64,10.73876661,,,,,,,,,,
6/30/1996,TDGXUSAM,,,,597727,7.69,10.14618541,,,,,,,,,,
7/31/1996,TDGXUSAM,,,,599772,7.72,9.212876723,,,,,,,,,,
8/31/1996,TDGXUSAM,,,,601879,7.74,8.559137846,,,,,,,,,,
9/30/1996,TDGXUSAM,,,,603047,7.76,7.637758453,,,,,,,,,,
10/31/1996,TDGXUSAM,,,,606081,7.8,6.998081,,,,,,,,,,
11/30/1996,TDGXUSAM,,,,609927,7.85,6.81490614,,,,,,,,,,
12/31/1996,TDGXUSAM,,,,612114,7.41,6.41666884,,,,,,,,,,
1/31/1997,TDGXUSAM,,,,614820,7.44,6.131354857,,,,,,,,,,
2/28/1997,TDGXUSAM,,,,618317,7.49,6.735013404,,,,,,,,,,
3/31/1997,TDGXUSAM,,,,624231,7.56,6.272525609,,,,,,,,,,
4/30/1997,TDGXUSAM,,,,630055,7.63,6.604863803,,,,,,,,,,
5/31/1997,TDGXUSAM,,,,635527,7.69,6.956685645,,,,,,,,,,
6/30/1997,TDGXUSAM,,,,641619,7.77,7.343151639,,,,,,,,,,
7/31/1997,TDGXUSAM,,,,650134,7.87,8.396857473,,,,,,,,,,
8/31/1997,TDGXUSAM,,,,656152,7.94,9.017260944,,,,,,,,,,
9/30/1997,TDGXUSAM,,,,662917,8.03,9.927916066,,,,,,,,,,
10/31/1997,TDGXUSAM,,,,668266,8.09,10.26017974,,,,,,,,,,
11/30/1997,TDGXUSAM,,,,672550,8.14,10.26729428,,,,,,,,,,
12/31/1997,TDGXUSAM,,,,678364,7.74,10.82314732,,,,,,,,,,
1/31/1998,TDGXUSAM,,,,683604,7.8,11.18766468,,,,,,,,,,
2/28/1998,TDGXUSAM,,,,685761,7.82,10.90767357,,,,,,,,,,
3/31/1998,TDGXUSAM,,,,686755,7.83,10.01616389,,,,,,,,,,
4/30/1998,TDGXUSAM,,,,685363,7.82,8.778281261,,,,,,,,,,
5/31/1998,TDGXUSAM,,,,684050,7.8,7.635080807,,,,,,,,,,
6/30/1998,TDGXUSAM,,,,682065,7.78,6.303741005,,,,,,,,,,
7/31/1998,TDGXUSAM,,,,678138,7.74,4.307419701,,,,,,,,,,
8/31/1998,TDGXUSAM,,,,675188,7.7,2.901157049,,,,,,,,,,
9/30/1998,TDGXUSAM,,,,672964,7.68,1.515574348,,,,,,,,,,
10/31/1998,TDGXUSAM,,,,672271,7.67,0.59931225,,,,,,,,,,
11/30/1998,TDGXUSAM,,,,672238,7.67,-0.046390603,,,,,,,,,,
12/31/1998,TDGXUSAM,,,,670417,7.21,-1.17149495,,,,,,,,,,
1/31/1999,TDGXUSAM,,,,669213,7.2,-2.105166149,,,,,,,,,,
2/28/1999,TDGXUSAM,,,,668259,7.19,-2.552201131,,,,,,,,,,
3/31/1999,TDGXUSAM,,,,667342,7.18,-2.826772284,,,,,,,,,,
4/30/1999,TDGXUSAM,,,,669022,7.2,-2.384283949,,,,,,,,,,
5/31/1999,TDGXUSAM,,,,670698,7.22,-1.951904101,,,,,,,,,,
6/30/1999,TDGXUSAM,,,,672133,7.23,-1.456166201,,,,,,,,,,
7/31/1999,TDGXUSAM,,,,675041,7.26,-0.456691706,,,,,,,,,,
8/31/1999,TDGXUSAM,,,,680051,7.32,0.720243843,,,,,,,,,,
9/30/1999,TDGXUSAM,,,,684505,7.37,1.714950577,,,,,,,,,,
10/31/1999,TDGXUSAM,,,,687841,7.4,2.316030291,,,,,,,,,,
11/30/1999,TDGXUSAM,,,,691751,7.44,2.902692201,,,,,,,,,,
12/31/1999,TDGXUSAM,,,,698525,7.06,4.192614447,,,,,,,,,,
1/31/2000,TDGXUSAM,,,,704731,7.12,5.307428278,,,,,,,,,,
2/28/2000,TDGXUSAM,,,,711467,7.19,6.465756541,,,,,,,,,,
2/29/2000,TDGXUSAM,,,,717892,7.25,7.427210109,,,,,,,,,,
3/31/2000,TDGXUSAM,,,,724539,7.32,8.570867711,,,,,,,,,,
4/30/2000,TDGXUSAM,,,,732082,7.4,9.425699005,,,,,,,,,,
5/31/2000,TDGXUSAM,,,,739406,7.47,10.244253,,,,,,,,,,
6/30/2000,TDGXUSAM,,,,748241,7.56,11.32335416,,,,,,,,,,
7/31/2000,TDGXUSAM,,,,755321,7.63,11.89261097,,,,,,,,,,
8/31/2000,TDGXUSAM,,,,763292,7.71,12.2404055,,,,,,,,,,
9/30/2000,TDGXUSAM,,,,770850,7.79,12.61422488,,,,,,,,,,
10/31/2000,TDGXUSAM,,,,777049,7.85,12.96927633,,,,,,,,,,
11/30/2000,TDGXUSAM,,,,781327,7.89,12.94916813,,,,,,,,,,
12/31/2000,TDGXUSAM,,,,784848,7.52,12.357897,,,,,,,,,,
1/31/2001,TDGXUSAM,,,,788418,7.55,11.87502749,,,,,,,,,,
2/28/2001,TDGXUSAM,,,,792248,7.59,11.35414573,,,,,,,,,,
3/31/2001,TDGXUSAM,,,,793217,7.6,9.47885483,,,,,,,,,,
4/30/2001,TDGXUSAM,,,,792187,7.59,8.210145858,,,,,,,,,,
5/31/2001,TDGXUSAM,,,,792052,7.59,7.120039599,,,,,,,,,,
6/30/2001,TDGXUSAM,,,,787053,7.54,5.187098809,,,,,,,,,,
7/31/2001,TDGXUSAM,,,,780430,7.48,3.324281994,,,,,,,,,,
8/31/2001,TDGXUSAM,,,,772526,7.4,1.20975983,,,,,,,,,,
9/30/2001,TDGXUSAM,,,,761201,7.29,-1.251735098,,,,,,,,,,
10/31/2001,TDGXUSAM,,,,751230,7.2,-3.322699083,,,,,,,,,,
11/30/2001,TDGXUSAM,,,,741170,7.1,-5.139589442,,,,,,,,,,
12/31/2001,TDGXUSAM,,,,731328,6.86,-6.819154792,,,,,,,,,,
1/31/2002,TDGXUSAM,,,,721788,6.77,-8.451100812,,,,,,,,,,
2/28/2002,TDGXUSAM,,,,711649,6.68,-10.17345579,,,,,,,,,,
3/31/2002,TDGXUSAM,,,,703348,6.6,-11.32968658,,,,,,,,,,
4/30/2002,TDGXUSAM,,,,698451,6.55,-11.83255974,,,,,,,,,,
5/31/2002,TDGXUSAM,,,,692794,6.5,-12.53175297,,,,,,,,,,
6/30/2002,TDGXUSAM,,,,690677,6.48,-12.24517282,,,,,,,,,,
7/31/2002,TDGXUSAM,,,,690845,6.48,-11.47892828,,,,,,,,,,
8/31/2002,TDGXUSAM,,,,690457,6.48,-10.62346122,,,,,,,,,,
9/30/2002,TDGXUSAM,,,,693175,6.5,-8.936667188,,,,,,,,,,
10/31/2002,TDGXUSAM,,,,694525,6.52,-7.548287475,,,,,,,,,,
11/30/2002,TDGXUSAM,,,,697007,6.54,-5.958552019,,,,,,,,,,
12/31/2002,TDGXUSAM,,,,698037,6.3,-4.552129824,,,,,,,,,,
1/31/2003,TDGXUSAM,,,,700287,6.33,-2.978852516,,,,,,,,,,
2/28/2003,TDGXUSAM,,,,703540,6.35,-1.139466226,,,,,,,,,,
3/31/2003,TDGXUSAM,,,,706790,6.38,0.489373681,,,,,,,,,,
4/30/2003,TDGXUSAM,,,,707217,6.39,1.255062989,,,,,,,,,,
5/31/2003,TDGXUSAM,,,,707804,6.39,2.166589203,,,,,,,,,,
6/30/2003,TDGXUSAM,,,,709495,6.41,2.724573136,,,,,,,,,,
7/31/2003,TDGXUSAM,,,,711120,6.42,2.934811716,,,,,,,,,,
8/31/2003,TDGXUSAM,,,,711227,6.42,3.008152571,,,,,,,,,,
9/30/2003,TDGXUSAM,,,,713384,6.44,2.915425398,,,,,,,,,,
10/31/2003,TDGXUSAM,,,,717805,6.48,3.351931176,,,,,,,,,,
11/30/2003,TDGXUSAM,,,,723489,6.53,3.799387954,,,,,,,,,,
12/31/2003,TDGXUSAM,,,,730447,6.21,4.643020356,,,,,,,,,,
1/31/2004,TDGXUSAM,,,,735001,6.25,4.957110442,,,,,,,,,,
2/29/2004,TDGXUSAM,,,,742058,6.31,5.474884157,,,,,,,,,,
3/31/2004,TDGXUSAM,,,,751058,6.38,6.263246509,,,,,,,,,,
4/30/2004,TDGXUSAM,,,,760076,6.46,7.47422644,,,,,,,,,,
5/31/2004,TDGXUSAM,,,,770745,6.55,8.892433499,,,,,,,,,,
6/30/2004,TDGXUSAM,,,,776834,6.6,9.491116921,,,,,,,,,,
7/31/2004,TDGXUSAM,,,,784139,6.66,10.26816852,,,,,,,,,,
8/31/2004,TDGXUSAM,,,,793389,6.74,11.55214861,,,,,,,,,,
9/30/2004,TDGXUSAM,,,,802122,6.82,12.43902302,,,,,,,,,,
10/31/2004,TDGXUSAM,,,,810198,6.88,12.87160162,,,,,,,,,,
11/30/2004,TDGXUSAM,,,,815355,6.93,12.69763604,,,,,,,,,,
12/31/2004,TDGXUSAM,,,,823584,6.58,12.75068554,,,,,,,,,,
1/31/2005,TDGXUSAM,,,,833020,6.65,13.33590022,,,,,,,,,,
2/28/2005,TDGXUSAM,,,,839775,6.71,14.25494659,,,,,,,,,,
3/31/2005,TDGXUSAM,,,,845020,6.75,12.51061835,,,,,,,,,,
4/30/2005,TDGXUSAM,,,,853617,6.82,12.30679564,,,,,,,,,,
5/31/2005,TDGXUSAM,,,,859922,6.87,11.57023399,,,,,,,,,,
6/30/2005,TDGXUSAM,,,,868656,6.94,11.82002847,,,,,,,,,,
7/31/2005,TDGXUSAM,,,,876101,7,11.72776765,,,,,,,,,,
8/31/2005,TDGXUSAM,,,,884250,7.06,11.45226364,,,,,,,,,,
9/30/2005,TDGXUSAM,,,,889443,7.1,10.88624922,,,,,,,,,,
10/31/2005,TDGXUSAM,,,,895942,7.15,10.58309203,,,,,,,,,,
11/30/2005,TDGXUSAM,,,,904634,7.22,10.94970902,,,,,,,,,,
12/31/2005,TDGXUSAM,,,,913016,6.85,10.85888021,,,,,,,,,,
1/31/2006,TDGXUSAM,,,,922321,6.92,10.72015078,,,,,,,,,,
2/28/2006,TDGXUSAM,,,,932066,6.99,10.98996755,,,,,,,,,,
3/31/2006,TDGXUSAM,,,,943092,7.07,11.60587915,,,,,,,,,,
4/30/2006,TDGXUSAM,,,,951278,7.14,11.44084525,,,,,,,,,,
5/31/2006,TDGXUSAM,,,,961334,7.21,11.79316264,,,,,,,,,,
6/30/2006,TDGXUSAM,,,,973314,7.3,12.04826767,,,,,,,,,,
7/31/2006,TDGXUSAM,,,,983035,7.37,12.20567035,,,,,,,,,,
8/31/2006,TDGXUSAM,,,,993859,7.45,12.39570257,,,,,,,,,,
9/30/2006,TDGXUSAM,,,,1007263,7.56,13.24649247,,,,,,,,,,
10/31/2006,TDGXUSAM,,,,1019203,7.64,13.7576986,,,,,,,,,,
11/30/2006,TDGXUSAM,,,,1030711,7.73,13.93679654,,,,,,,,,,
12/31/2006,TDGXUSAM,,,,1040906,7.42,14.00742156,,,,,,,,,,
1/31/2007,TDGXUSAM,,,,1051117,7.49,13.96433563,,,,,,,,,,
2/28/2007,TDGXUSAM,,,,1058746,7.54,13.5913122,,,,,,,,,,
3/31/2007,TDGXUSAM,,,,1068038,7.61,13.24854839,,,,,,,,,,
4/30/2007,TDGXUSAM,,,,1077117,7.67,13.22841483,,,,,,,,,,
5/31/2007,TDGXUSAM,,,,1086980,7.74,13.0699632,,,,,,,,,,
6/30/2007,TDGXUSAM,,,,1095785,7.81,12.58288692,,,,,,,,,,
7/31/2007,TDGXUSAM,,,,1107188,7.89,12.62956049,,,,,,,,,,
8/31/2007,TDGXUSAM,,,,1118085,7.97,12.49935856,,,,,,,,,,
9/30/2007,TDGXUSAM,,,,1129071,8.04,12.09296877,,,,,,,,,,
10/31/2007,TDGXUSAM,,,,1140868,8.13,11.93726863,,,,,,,,,,
11/30/2007,TDGXUSAM,,,,1152759,8.21,11.84114655,,,,,,,,,,
12/31/2007,TDGXUSAM,,,,1165151,7.94,11.93623632,,,,,,,,,,
1/31/2008,TDGXUSAM,,,,1179595,8.03,12.22299706,,,,,,,,,,
2/29/2008,TDGXUSAM,,,,1198164,8.16,13.16821976,,,,,,,,,,
3/31/2008,TDGXUSAM,,,,1212061,8.26,13.48481983,,,,,,,,,,
4/30/2008,TDGXUSAM,,,,1230597,8.38,14.24914842,,,,,,,,,,
5/30/2008,TDGXUSAM,,,,1245721,8.48,15.65326701,,,,,,,,,,
5/31/2008,TDGXUSAM,,,,1262148,8.6,16.11510791,,,,,,,,,,
6/30/2008,TDGXUSAM,,,,1282854,8.74,17.07168833,,,,,,,,,,
7/31/2008,TDGXUSAM,,,,1304160,8.88,17.79029397,,,,,,,,,,
8/31/2008,TDGXUSAM,,,,1322264,9.01,18.26149175,,,,,,,,,,
9/30/2008,TDGXUSAM,,,,1330322,9.06,17.82447694,,,,,,,,,,
10/31/2008,TDGXUSAM,,,,1334722,9.09,16.99179923,,,,,,,,,,
11/30/2008,TDGXUSAM,,,,1330457,9.06,15.41501736,,,,,,,,,,
12/31/2008,TDGXUSAM,,,,1312984,9.02,12.68788337,,,,,,,,,,
1/31/2009,TDGXUSAM,,,,1287548,8.84,9.151700372,,,,,,,,,,
2/28/2009,TDGXUSAM,,,,1265657,8.69,7.29589393,,,,,,,,,,
3/31/2009,TDGXUSAM,,,,1237911,8.5,2.132730943,,,,,,,,,,
4/30/2009,TDGXUSAM,,,,1209663,8.31,-1.701125551,,,,,,,,,,
5/31/2009,TDGXUSAM,,,,1181226,8.11,-6.411450955,,,,,,,,,,
6/30/2009,TDGXUSAM,,,,1150385,7.9,-10.32611661,,,,,,,,,,
7/31/2009,TDGXUSAM,,,,1118967,7.69,-14.20017483,,,,,,,,,,
8/31/2009,TDGXUSAM,,,,1089941,7.49,-17.5700919,,,,,,,,,,
9/30/2009,TDGXUSAM,,,,1073456,7.37,-19.30855838,,,,,,,,,,
10/31/2009,TDGXUSAM,,,,1062653,7.3,-20.38394512,,,,,,,,,,
11/30/2009,TDGXUSAM,,,,1059811,7.28,-20.3423335,,,,,,,,,,
12/31/2009,TDGXUSAM,,,,1070332,7.32,-18.48095636,,,,,,,,,,
1/31/2010,TDGXUSAM,,,,1085870,7.42,-15.66372671,,,,,,,,,,
2/28/2010,TDGXUSAM,,,,1100373,7.52,-13.05914636,,,,,,,,,,
3/31/2010,TDGXUSAM,,,,1120401,7.66,-9.49260488,,,,,,,,,,
4/30/2010,TDGXUSAM,,,,1141226,7.8,-5.657526104,,,,,,,,,,
5/31/2010,TDGXUSAM,,,,1163238,7.95,-1.522824591,,,,,,,,,,
6/30/2010,TDGXUSAM,,,,1181658,8.08,2.718481204,,,,,,,,,,
7/31/2010,TDGXUSAM,,,,1201117,8.21,7.341592737,,,,,,,,,,
8/31/2010,TDGXUSAM,,,,1220648,8.34,11.992117,,,,,,,,,,
9/30/2010,TDGXUSAM,,,,1236543,8.45,15.19270468,,,,,,,,,,
10/31/2010,TDGXUSAM,,,,1254391,8.58,18.04333117,,,,,,,,,,
11/30/2010,TDGXUSAM,,,,1272770,8.7,20.09405451,,,,,,,,,,
12/31/2010,TDGXUSAM,,,,1290279,8.47,20.54941831,,,,,,,,,,
1/31/2011,TDGXUSAM,,,,1309598,8.59,20.60357133,,,,,,,,,,
2/28/2011,TDGXUSAM,,,,1326070,8.7,20.51095401,,,,,,,,,,
3/31/2011,TDGXUSAM,,,,1345619,8.83,20.10155293,,,,,,,,,,
4/30/2011,TDGXUSAM,,,,1368048,8.98,19.87529201,,,,,,,,,,
5/31/2011,TDGXUSAM,,,,1386532,9.1,19.19589972,,,,,,,,,,
6/30/2011,TDGXUSAM,,,,1403793,9.21,18.79858639,,,,,,,,,,
7/31/2011,TDGXUSAM,,,,1422049,9.33,18.39387836,,,,,,,,,,
8/31/2011,TDGXUSAM,,,,1440193,9.45,17.98593862,,,,,,,,,,
9/30/2011,TDGXUSAM,,,,1460293,9.58,18.09480139,,,,,,,,,,
10/31/2011,TDGXUSAM,,,,1475356,9.68,17.6153209,,,,,,,,,,
11/30/2011,TDGXUSAM,,,,1487794,9.76,16.8941757,,,,,,,,,,
12/31/2011,TDGXUSAM,,,,1498885,9.49,16.16751106,,,,,,,,,,
1/31/2012,TDGXUSAM,,,,1507668,9.54,15.12448858,,,,,,,,,,
2/29/2012,TDGXUSAM,,,,1519451,9.62,14.58301598,,,,,,,,,,
3/31/2012,TDGXUSAM,,,,1527427,9.67,13.5111053,,,,,,,,,,
4/30/2012,TDGXUSAM,,,,1532131,9.7,11.9939505,,,,,,,,,,
5/31/2012,TDGXUSAM,,,,1537825,9.74,10.91161257,,,,,,,,,,
6/30/2012,TDGXUSAM,,,,1545917,9.79,10.12428471,,,,,,,,,,
7/31/2012,TDGXUSAM,,,,1549609,9.81,8.970155037,,,,,,,,,,
8/30/2012,TDGXUSAM,,,,1550164.2,9.81,9.009197292,,,,,,,,,,
8/31/2012,TDGXUSAM,,,,1549778.2,9.81,7.609063507,,,,,,,,,,
9/30/2012,TDGXUSAM,,,,1554611.2,9.84,6.45885449,,,,,,,,,,
10/31/2012,TDGXUSAM,,,,1555150.2,9.84,5.408470905,,,,,,,,,,
11/30/2012,TDGXUSAM,,,,1556560.2,9.85,4.622024286,,,,,,,,,,
12/31/2012,TDGXUSAM,,,,1562315.2,9.55,4.231825657,,,,,,,,,,
1/31/2013,TDGXUSAM,,,,1564711.2,9.56,3.783538551,,,,,,,,,,
2/28/2013,TDGXUSAM,,,,1565985.2,9.57,3.868039913,,,,,,,,,,
3/31/2013,TDGXUSAM,,,,1565986.2,9.57,2.524454524,,,,,,,,,,
4/30/2013,TDGXUSAM,,,,1567194.2,9.58,2.288524937,,,,,,,,,,
5/31/2013,TDGXUSAM,,,,1567276.2,9.58,1.915120381,,,,,,,,,,
6/30/2013,TDGXUSAM,,,,1570490.2,9.6,1.589554937,,,,,,,,,,
7/31/2013,TDGXUSAM,,,,1575490,9.63,1.670163248,,,,,,,,,,
8/31/2013,TDGXUSAM,,,,1579499,9.66,1.917745391,,,,,,,,,,
9/30/2013,TDGXUSAM,,,,1577662,9.64,1.482737291,,,,,,,,,,
10/31/2013,TDGXUSAM,,,,1585531,9.69,1.953560499,,,,,,,,,,
11/30/2013,TDGXUSAM,,,,1592069,9.73,2.281235252,,,,,,,,,,
12/31/2013,TDGXUSAM,,,,1593706,9.33,2.009248838,,,,,,,,,,
1/31/2014,TDGXUSAM,,,,1596334,9.34,2.020999147,,,,,,,,,,
2/28/2014,TDGXUSAM,,,,1596394,9.34,1.94183189,,,,,,,,,,
3/31/2014,TDGXUSAM,,,,1603342,9.39,2.385448863,,,,,,,,,,
4/30/2014,TDGXUSAM,,,,1607536,9.41,2.574141737,,,,,,,,,,
5/31/2014,TDGXUSAM,,,,1614360,9.45,3.004180118,,,,,,,,,,
6/30/2014,TDGXUSAM,,,,1618128,9.47,3.03330769,,,,,,,,,,
7/31/2014,TDGXUSAM,,,,1623739,9.5,3.062475801,,,,,,,,,,
8/31/2014,TDGXUSAM,,,,1629896,9.54,3.190695277,,,,,,,,,,
9/30/2014,TDGXUSAM,,,,1633923,9.56,3.56609971,,,,,,,,,,
10/31/2014,TDGXUSAM,,,,1636227,9.58,3.19741462,,,,,,,,,,
11/30/2014,TDGXUSAM,,,,1635707,9.57,2.740961604,,,,,,,,,,
12/31/2014,TDGXUSAM,,,,1635562,9.17,2.626331331,,,,,,,,,,
1/31/2015,TDGXUSAM,,,,1630792,9.14,2.158570825,,,,,,,,,,
2/28/2015,TDGXUSAM,,,,1624567,9.11,1.764789895,,,,,,,,,,
3/31/2015,TDGXUSAM,,,,1614932,9.05,0.722865115,,,,,,,,,,
4/30/2015,TDGXUSAM,,,,1608286,9.02,0.046655254,,,,,,,,,,
5/31/2015,TDGXUSAM,,,,1599306,8.97,-0.932505761,,,,,,,,,,
6/30/2015,TDGXUSAM,,,,1589950,8.91,-1.741394995,,,,,,,,,,
7/31/2015,TDGXUSAM,,,,1579780,8.86,-2.707270072,,,,,,,,,,
8/31/2015,TDGXUSAM,,,,1565632,8.78,-3.942828254,,,,,,,,,,
9/30/2015,TDGXUSAM,,,,1555134,8.72,-4.822075459,,,,,,,,,,
10/31/2015,TDGXUSAM,,,,1540364,8.64,-5.858783653,,,,,,,,,,
11/30/2015,TDGXUSAM,,,,1526200,8.56,-6.694780911,,,,,,,,,,
12/31/2015,TDGXUSAM,,,,1511381,8.23,-7.592558399,,,,,,,,,,
1/31/2016,TDGXUSAM,,,,1498978,8.17,-8.082821108,,,,,,,,,,
2/29/2016,TDGXUSAM,,,,1490590,8.12,-8.246935953,,,,,,,,,,
3/31/2016,TDGXUSAM,,,,1480679,8.07,-8.313229288,,,,,,,,,,
4/30/2016,TDGXUSAM,,,,1471128,8.02,-8.528209535,,,,,,,,,,
5/31/2016,TDGXUSAM,,,,1462952,7.97,-8.525823076,,,,,,,,,,
6/30/2016,TDGXUSAM,,,,1455943,7.93,-8.428378251,,,,,,,,,,
7/31/2016,TDGXUSAM,,,,1450844,7.9,-8.16164276,,,,,,,,,,
8/31/2016,TDGXUSAM,,,,1450471,7.9,-7.355559927,,,,,,,,,,
9/30/2016,TDGXUSAM,,,,1450113,7.9,-6.753180112,,,,,,,,,,
10/31/2016,TDGXUSAM,,,,1450445,7.9,-5.837516327,,,,,,,,,,
11/30/2016,TDGXUSAM,,,,1450631,7.9,-4.951448041,,,,,,,,,,
12/31/2016,TDGXUSAM,,,,1456956,7.68,-3.601011261,,,,,,,,,,
1/31/2017,TDGXUSAM,,,,1467050,7.73,-2.129984563,,,,,,,,,,
2/28/2017,TDGXUSAM,,,,1475546,7.77,-1.563198393,,,,,,,,,,
3/31/2017,TDGXUSAM,,,,1484765,7.82,0.275954478,,,,,,,,,,
4/30/2017,TDGXUSAM,,,,1491668,7.86,1.396207536,,,,,,,,,,
5/31/2017,TDGXUSAM,,,,1498292,7.89,2.415663672,,,,,,,,,,
6/30/2017,TDGXUSAM,,,,1506099,7.94,3.444915083,,,,,,,,,,
7/31/2017,TDGXUSAM,,,,1512204,7.97,4.229262416,,,,,,,,,,
8/31/2017,TDGXUSAM,,,,1516845,7.99,4.57603082,,,,,,,,,,
9/30/2017,TDGXUSAM,,,,1522630,8.02,5.000782698,,,,,,,,,,
10/31/2017,TDGXUSAM,,,,1530200,8.06,5.498657309,,,,,,,,,,
11/30/2017,TDGXUSAM,,,,1542721,8.13,6.34827189,,,,,,,,,,
12/31/2017,TDGXUSAM,,,,1553382,7.83,6.61831929,,,,,,,,,,
1/31/2018,TDGXUSAM,,,,1559659,7.86,6.312600116,,,,,,,,,,
2/28/2018,TDGXUSAM,,,,1568398,7.91,6.292721474,,,,,,,,,,
3/31/2018,TDGXUSAM,,,,1581453,7.97,6.512006951,,,,,,,,,,
4/30/2018,TDGXUSAM,,,,1595147,8.04,6.937133464,,,,,,,,,,
5/31/2018,TDGXUSAM,,,,1612335,8.13,7.611533666,,,,,,,,,,
6/30/2018,TDGXUSAM,,,,1626159,8.2,7.971587525,,,,,,,,,,
7/31/2018,TDGXUSAM,,,,1637858,8.26,8.309328636,,,,,,,,,,
8/31/2018,TDGXUSAM,,,,1647645,8.31,8.623161892,,,,,,,,,,
9/30/2018,TDGXUSAM,,,,1658174,8.36,8.901965678,,,,,,,,,,
10/31/2018,TDGXUSAM,,,,1668124,8.41,9.013462293,,,,,,,,,,
11/30/2018,TDGXUSAM,,,,1673483,8.44,8.476062749,,,,,,,,,,
12/31/2018,TDGXUSAM,,,,1672329,8.01,7.657292282,,,,,,,,,,
1/31/2019,TDGXUSAM,,,,1676755,8.04,7.507794973,,,,,,,,,,
2/28/2019,TDGXUSAM,,,,1680332,8.05,7.136836441,,,,,,,,,,
